file,algorithm,colors_used,time_ms
g_n100_k2_0.edges,firstfit,3,0.387
g_n100_k2_0.edges,cbip,4,16.0861
g_n100_k2_0.edges,firstfit_luf,4,0.3557
g_n100_k2_1.edges,firstfit,4,0.3777
g_n100_k2_1.edges,cbip,3,16.5036
g_n100_k2_1.edges,firstfit_luf,3,0.351
g_n100_k2_10.edges,firstfit,6,0.3958
g_n100_k2_10.edges,cbip,3,15.6574
g_n100_k2_10.edges,firstfit_luf,2,0.3774
g_n100_k2_11.edges,firstfit,5,0.3834
g_n100_k2_11.edges,cbip,3,15.7256
g_n100_k2_11.edges,firstfit_luf,4,0.3746
g_n100_k2_12.edges,firstfit,4,0.3822
g_n100_k2_12.edges,cbip,2,15.4884
g_n100_k2_12.edges,firstfit_luf,7,0.3533
g_n100_k2_13.edges,firstfit,6,0.3738
g_n100_k2_13.edges,cbip,3,15.8823
g_n100_k2_13.edges,firstfit_luf,7,0.3572
g_n100_k2_14.edges,firstfit,4,0.3624
g_n100_k2_14.edges,cbip,4,15.8665
g_n100_k2_14.edges,firstfit_luf,4,0.3524
g_n100_k2_15.edges,firstfit,2,0.3455
g_n100_k2_15.edges,cbip,2,14.8985
g_n100_k2_15.edges,firstfit_luf,4,0.3459
g_n100_k2_16.edges,firstfit,6,0.3722
g_n100_k2_16.edges,cbip,4,15.6701
g_n100_k2_16.edges,firstfit_luf,3,0.3521
g_n100_k2_17.edges,firstfit,4,0.3514
g_n100_k2_17.edges,cbip,4,15.1093
g_n100_k2_17.edges,firstfit_luf,3,0.3424
g_n100_k2_18.edges,firstfit,6,0.3777
g_n100_k2_18.edges,cbip,4,16.6469
g_n100_k2_18.edges,firstfit_luf,2,0.3552
g_n100_k2_19.edges,firstfit,3,0.3581
g_n100_k2_19.edges,cbip,4,15.9228
g_n100_k2_19.edges,firstfit_luf,3,0.3529
g_n100_k2_2.edges,firstfit,8,0.3681
g_n100_k2_2.edges,cbip,3,15.1253
g_n100_k2_2.edges,firstfit_luf,3,0.3481
g_n100_k2_20.edges,firstfit,2,0.3603
g_n100_k2_20.edges,cbip,3,16.006
g_n100_k2_20.edges,firstfit_luf,2,0.3493
g_n100_k2_21.edges,firstfit,5,0.3617
g_n100_k2_21.edges,cbip,3,15.708
g_n100_k2_21.edges,firstfit_luf,2,0.3693
g_n100_k2_22.edges,firstfit,6,0.3715
g_n100_k2_22.edges,cbip,2,15.9914
g_n100_k2_22.edges,firstfit_luf,8,0.3636
g_n100_k2_23.edges,firstfit,4,0.3595
g_n100_k2_23.edges,cbip,4,15.7416
g_n100_k2_23.edges,firstfit_luf,2,0.351
g_n100_k2_24.edges,firstfit,8,1.6632
g_n100_k2_24.edges,cbip,3,37.5943
g_n100_k2_24.edges,firstfit_luf,2,0.4704
g_n100_k2_25.edges,firstfit,6,0.5229
g_n100_k2_25.edges,cbip,3,16.0031
g_n100_k2_25.edges,firstfit_luf,4,0.448
g_n100_k2_26.edges,firstfit,3,0.3521
g_n100_k2_26.edges,cbip,3,15.4338
g_n100_k2_26.edges,firstfit_luf,2,0.3839
g_n100_k2_27.edges,firstfit,8,0.3645
g_n100_k2_27.edges,cbip,3,15.6453
g_n100_k2_27.edges,firstfit_luf,3,0.3455
g_n100_k2_28.edges,firstfit,7,0.3574
g_n100_k2_28.edges,cbip,3,14.8785
g_n100_k2_28.edges,firstfit_luf,4,0.3977
g_n100_k2_29.edges,firstfit,9,0.4079
g_n100_k2_29.edges,cbip,3,14.9648
g_n100_k2_29.edges,firstfit_luf,2,0.3369
g_n100_k2_3.edges,firstfit,5,0.381
g_n100_k2_3.edges,cbip,3,16.0608
g_n100_k2_3.edges,firstfit_luf,2,0.3397
g_n100_k2_30.edges,firstfit,7,0.3624
g_n100_k2_30.edges,cbip,3,15.0599
g_n100_k2_30.edges,firstfit_luf,2,0.3664
g_n100_k2_31.edges,firstfit,2,0.3588
g_n100_k2_31.edges,cbip,3,15.8093
g_n100_k2_31.edges,firstfit_luf,2,0.344
g_n100_k2_32.edges,firstfit,5,0.361
g_n100_k2_32.edges,cbip,4,17.8642
g_n100_k2_32.edges,firstfit_luf,2,0.5493
g_n100_k2_33.edges,firstfit,4,0.3736
g_n100_k2_33.edges,cbip,2,15.5928
g_n100_k2_33.edges,firstfit_luf,2,0.3443
g_n100_k2_34.edges,firstfit,6,0.829
g_n100_k2_34.edges,cbip,3,24.4305
g_n100_k2_34.edges,firstfit_luf,2,0.4084
g_n100_k2_35.edges,firstfit,3,0.3803
g_n100_k2_35.edges,cbip,2,15.8176
g_n100_k2_35.edges,firstfit_luf,6,0.4535
g_n100_k2_36.edges,firstfit,6,0.3979
g_n100_k2_36.edges,cbip,3,15.6064
g_n100_k2_36.edges,firstfit_luf,2,0.3409
g_n100_k2_37.edges,firstfit,6,0.3712
g_n100_k2_37.edges,cbip,3,15.4953
g_n100_k2_37.edges,firstfit_luf,2,0.4001
g_n100_k2_38.edges,firstfit,5,0.3552
g_n100_k2_38.edges,cbip,3,15.1699
g_n100_k2_38.edges,firstfit_luf,2,0.3378
g_n100_k2_39.edges,firstfit,2,0.3495
g_n100_k2_39.edges,cbip,4,16.1626
g_n100_k2_39.edges,firstfit_luf,2,0.3417
g_n100_k2_4.edges,firstfit,2,0.3586
g_n100_k2_4.edges,cbip,3,15.7783
g_n100_k2_4.edges,firstfit_luf,2,0.344
g_n100_k2_40.edges,firstfit,4,0.483
g_n100_k2_40.edges,cbip,2,14.7665
g_n100_k2_40.edges,firstfit_luf,2,0.334
g_n100_k2_41.edges,firstfit,3,0.3693
g_n100_k2_41.edges,cbip,3,15.7895
g_n100_k2_41.edges,firstfit_luf,8,0.4501
g_n100_k2_42.edges,firstfit,7,0.4208
g_n100_k2_42.edges,cbip,4,15.2442
g_n100_k2_42.edges,firstfit_luf,4,0.339
g_n100_k2_43.edges,firstfit,6,0.3684
g_n100_k2_43.edges,cbip,4,16.3751
g_n100_k2_43.edges,firstfit_luf,3,0.35
g_n100_k2_44.edges,firstfit,7,0.3569
g_n100_k2_44.edges,cbip,3,15.3775
g_n100_k2_44.edges,firstfit_luf,7,0.3462
g_n100_k2_45.edges,firstfit,6,0.3593
g_n100_k2_45.edges,cbip,3,15.4314
g_n100_k2_45.edges,firstfit_luf,2,0.3462
g_n100_k2_46.edges,firstfit,2,0.361
g_n100_k2_46.edges,cbip,4,16.082
g_n100_k2_46.edges,firstfit_luf,2,0.3409
g_n100_k2_47.edges,firstfit,4,0.3674
g_n100_k2_47.edges,cbip,3,16.0801
g_n100_k2_47.edges,firstfit_luf,2,0.3436
g_n100_k2_48.edges,firstfit,2,0.4056
g_n100_k2_48.edges,cbip,3,15.6651
g_n100_k2_48.edges,firstfit_luf,2,0.3381
g_n100_k2_49.edges,firstfit,2,0.3457
g_n100_k2_49.edges,cbip,4,15.1179
g_n100_k2_49.edges,firstfit_luf,5,0.3395
g_n100_k2_5.edges,firstfit,6,0.3593
g_n100_k2_5.edges,cbip,2,14.9727
g_n100_k2_5.edges,firstfit_luf,3,0.3371
g_n100_k2_6.edges,firstfit,2,0.3579
g_n100_k2_6.edges,cbip,3,16.1312
g_n100_k2_6.edges,firstfit_luf,4,0.3505
g_n100_k2_7.edges,firstfit,3,0.3548
g_n100_k2_7.edges,cbip,2,15.6896
g_n100_k2_7.edges,firstfit_luf,2,0.3397
g_n100_k2_8.edges,firstfit,6,0.3557
g_n100_k2_8.edges,cbip,5,14.9925
g_n100_k2_8.edges,firstfit_luf,2,0.3331
g_n100_k2_9.edges,firstfit,2,0.3495
g_n100_k2_9.edges,cbip,3,15.4476
g_n100_k2_9.edges,firstfit_luf,3,0.3369
g_n100_k3_0.edges,firstfit,9,0.9968
g_n100_k3_0.edges,cbip,3,19.8758
g_n100_k3_0.edges,firstfit_luf,4,0.6175
g_n100_k3_1.edges,firstfit,8,0.4506
g_n100_k3_1.edges,cbip,2,10.8366
g_n100_k3_1.edges,firstfit_luf,7,0.4032
g_n100_k3_10.edges,firstfit,10,0.4311
g_n100_k3_10.edges,cbip,2,12.001
g_n100_k3_10.edges,firstfit_luf,5,0.4334
g_n100_k3_11.edges,firstfit,11,0.4394
g_n100_k3_11.edges,cbip,2,10.9673
g_n100_k3_11.edges,firstfit_luf,6,0.3991
g_n100_k3_12.edges,firstfit,9,0.4833
g_n100_k3_12.edges,cbip,3,16.3758
g_n100_k3_12.edges,firstfit_luf,6,0.4332
g_n100_k3_13.edges,firstfit,8,0.4492
g_n100_k3_13.edges,cbip,2,13.7243
g_n100_k3_13.edges,firstfit_luf,8,0.4368
g_n100_k3_14.edges,firstfit,10,0.5989
g_n100_k3_14.edges,cbip,2,12.9657
g_n100_k3_14.edges,firstfit_luf,9,0.4408
g_n100_k3_15.edges,firstfit,11,0.4578
g_n100_k3_15.edges,cbip,2,12.2371
g_n100_k3_15.edges,firstfit_luf,9,0.4511
g_n100_k3_16.edges,firstfit,9,0.9394
g_n100_k3_16.edges,cbip,2,12.8555
g_n100_k3_16.edges,firstfit_luf,5,0.4132
g_n100_k3_17.edges,firstfit,10,0.5827
g_n100_k3_17.edges,cbip,3,11.6353
g_n100_k3_17.edges,firstfit_luf,6,0.4668
g_n100_k3_18.edges,firstfit,9,0.4508
g_n100_k3_18.edges,cbip,3,11.2617
g_n100_k3_18.edges,firstfit_luf,5,0.3946
g_n100_k3_19.edges,firstfit,7,0.4144
g_n100_k3_19.edges,cbip,2,11.009
g_n100_k3_19.edges,firstfit_luf,8,0.4447
g_n100_k3_2.edges,firstfit,10,0.4344
g_n100_k3_2.edges,cbip,2,11.3254
g_n100_k3_2.edges,firstfit_luf,9,0.4041
g_n100_k3_20.edges,firstfit,6,0.4308
g_n100_k3_20.edges,cbip,2,11.8999
g_n100_k3_20.edges,firstfit_luf,6,0.4122
g_n100_k3_21.edges,firstfit,6,0.4892
g_n100_k3_21.edges,cbip,3,13.7863
g_n100_k3_21.edges,firstfit_luf,4,0.4256
g_n100_k3_22.edges,firstfit,11,0.4604
g_n100_k3_22.edges,cbip,2,13.133
g_n100_k3_22.edges,firstfit_luf,7,0.5109
g_n100_k3_23.edges,firstfit,6,0.4642
g_n100_k3_23.edges,cbip,3,13.8783
g_n100_k3_23.edges,firstfit_luf,9,0.438
g_n100_k3_24.edges,firstfit,6,0.4647
g_n100_k3_24.edges,cbip,2,12.5592
g_n100_k3_24.edges,firstfit_luf,5,0.5102
g_n100_k3_25.edges,firstfit,9,0.4973
g_n100_k3_25.edges,cbip,2,13.0839
g_n100_k3_25.edges,firstfit_luf,6,0.4349
g_n100_k3_26.edges,firstfit,8,0.6483
g_n100_k3_26.edges,cbip,2,12.2523
g_n100_k3_26.edges,firstfit_luf,3,0.5434
g_n100_k3_27.edges,firstfit,11,0.4783
g_n100_k3_27.edges,cbip,2,17.2675
g_n100_k3_27.edges,firstfit_luf,9,0.4308
g_n100_k3_28.edges,firstfit,9,0.4201
g_n100_k3_28.edges,cbip,3,11.3244
g_n100_k3_28.edges,firstfit_luf,9,0.4442
g_n100_k3_29.edges,firstfit,8,0.4616
g_n100_k3_29.edges,cbip,2,11.9724
g_n100_k3_29.edges,firstfit_luf,5,0.4022
g_n100_k3_3.edges,firstfit,9,0.4611
g_n100_k3_3.edges,cbip,2,12.1288
g_n100_k3_3.edges,firstfit_luf,9,0.4089
g_n100_k3_30.edges,firstfit,10,0.4549
g_n100_k3_30.edges,cbip,3,11.0219
g_n100_k3_30.edges,firstfit_luf,8,0.3951
g_n100_k3_31.edges,firstfit,9,0.4225
g_n100_k3_31.edges,cbip,2,11.8573
g_n100_k3_31.edges,firstfit_luf,9,0.4764
g_n100_k3_32.edges,firstfit,7,0.4289
g_n100_k3_32.edges,cbip,2,11.7207
g_n100_k3_32.edges,firstfit_luf,3,0.3977
g_n100_k3_33.edges,firstfit,3,0.4184
g_n100_k3_33.edges,cbip,4,11.0915
g_n100_k3_33.edges,firstfit_luf,4,0.4129
g_n100_k3_34.edges,firstfit,7,0.4141
g_n100_k3_34.edges,cbip,3,11.6055
g_n100_k3_34.edges,firstfit_luf,3,0.3889
g_n100_k3_35.edges,firstfit,10,0.437
g_n100_k3_35.edges,cbip,2,11.6735
g_n100_k3_35.edges,firstfit_luf,8,0.4334
g_n100_k3_36.edges,firstfit,11,0.4263
g_n100_k3_36.edges,cbip,3,11.2534
g_n100_k3_36.edges,firstfit_luf,4,0.3898
g_n100_k3_37.edges,firstfit,9,0.4194
g_n100_k3_37.edges,cbip,2,11.6773
g_n100_k3_37.edges,firstfit_luf,8,0.402
g_n100_k3_38.edges,firstfit,11,0.5736
g_n100_k3_38.edges,cbip,2,11.045
g_n100_k3_38.edges,firstfit_luf,10,0.4063
g_n100_k3_39.edges,firstfit,7,0.443
g_n100_k3_39.edges,cbip,3,11.2484
g_n100_k3_39.edges,firstfit_luf,6,0.4125
g_n100_k3_4.edges,firstfit,7,0.4456
g_n100_k3_4.edges,cbip,2,11.1265
g_n100_k3_4.edges,firstfit_luf,4,0.3886
g_n100_k3_40.edges,firstfit,9,0.4818
g_n100_k3_40.edges,cbip,2,11.3783
g_n100_k3_40.edges,firstfit_luf,8,0.4697
g_n100_k3_41.edges,firstfit,9,0.5438
g_n100_k3_41.edges,cbip,4,11.673
g_n100_k3_41.edges,firstfit_luf,6,0.4163
g_n100_k3_42.edges,firstfit,9,0.4382
g_n100_k3_42.edges,cbip,3,11.204
g_n100_k3_42.edges,firstfit_luf,4,0.4234
g_n100_k3_43.edges,firstfit,10,0.4513
g_n100_k3_43.edges,cbip,3,12.121
g_n100_k3_43.edges,firstfit_luf,8,0.4013
g_n100_k3_44.edges,firstfit,9,0.4201
g_n100_k3_44.edges,cbip,2,11.3542
g_n100_k3_44.edges,firstfit_luf,8,0.4001
g_n100_k3_45.edges,firstfit,10,0.4222
g_n100_k3_45.edges,cbip,2,11.2715
g_n100_k3_45.edges,firstfit_luf,4,0.392
g_n100_k3_46.edges,firstfit,9,0.4251
g_n100_k3_46.edges,cbip,2,11.328
g_n100_k3_46.edges,firstfit_luf,4,0.3939
g_n100_k3_47.edges,firstfit,7,0.4339
g_n100_k3_47.edges,cbip,3,10.9835
g_n100_k3_47.edges,firstfit_luf,8,0.4599
g_n100_k3_48.edges,firstfit,8,0.4821
g_n100_k3_48.edges,cbip,2,11.4009
g_n100_k3_48.edges,firstfit_luf,9,0.4377
g_n100_k3_49.edges,firstfit,10,0.4506
g_n100_k3_49.edges,cbip,2,11.5888
g_n100_k3_49.edges,firstfit_luf,8,0.4075
g_n100_k3_5.edges,firstfit,11,0.4749
g_n100_k3_5.edges,cbip,3,11.0018
g_n100_k3_5.edges,firstfit_luf,7,0.396
g_n100_k3_6.edges,firstfit,8,0.4611
g_n100_k3_6.edges,cbip,3,11.539
g_n100_k3_6.edges,firstfit_luf,7,0.4382
g_n100_k3_7.edges,firstfit,4,0.4175
g_n100_k3_7.edges,cbip,3,11.8594
g_n100_k3_7.edges,firstfit_luf,7,0.4258
g_n100_k3_8.edges,firstfit,10,0.4613
g_n100_k3_8.edges,cbip,2,11.2669
g_n100_k3_8.edges,firstfit_luf,4,0.412
g_n100_k3_9.edges,firstfit,11,0.4609
g_n100_k3_9.edges,cbip,3,11.0927
g_n100_k3_9.edges,firstfit_luf,8,0.4013
g_n100_k4_0.edges,firstfit,10,0.4888
g_n100_k4_0.edges,cbip,3,12.6584
g_n100_k4_0.edges,firstfit_luf,10,0.4737
g_n100_k4_1.edges,firstfit,10,0.5219
g_n100_k4_1.edges,cbip,2,12.8572
g_n100_k4_1.edges,firstfit_luf,10,0.4313
g_n100_k4_10.edges,firstfit,12,0.4888
g_n100_k4_10.edges,cbip,4,12.3734
g_n100_k4_10.edges,firstfit_luf,9,0.4647
g_n100_k4_11.edges,firstfit,10,1.0173
g_n100_k4_11.edges,cbip,3,23.8194
g_n100_k4_11.edges,firstfit_luf,7,0.5696
g_n100_k4_12.edges,firstfit,11,0.479
g_n100_k4_12.edges,cbip,4,13.3779
g_n100_k4_12.edges,firstfit_luf,4,0.5059
g_n100_k4_13.edges,firstfit,11,0.4478
g_n100_k4_13.edges,cbip,2,12.6226
g_n100_k4_13.edges,firstfit_luf,10,0.4315
g_n100_k4_14.edges,firstfit,11,0.4935
g_n100_k4_14.edges,cbip,2,12.9416
g_n100_k4_14.edges,firstfit_luf,9,0.4284
g_n100_k4_15.edges,firstfit,11,0.4609
g_n100_k4_15.edges,cbip,2,13.1109
g_n100_k4_15.edges,firstfit_luf,10,0.4749
g_n100_k4_16.edges,firstfit,10,0.453
g_n100_k4_16.edges,cbip,2,13.0265
g_n100_k4_16.edges,firstfit_luf,10,0.4559
g_n100_k4_17.edges,firstfit,12,0.4756
g_n100_k4_17.edges,cbip,3,12.9981
g_n100_k4_17.edges,firstfit_luf,9,0.4661
g_n100_k4_18.edges,firstfit,11,0.4418
g_n100_k4_18.edges,cbip,2,12.0401
g_n100_k4_18.edges,firstfit_luf,10,0.4566
g_n100_k4_19.edges,firstfit,9,0.4456
g_n100_k4_19.edges,cbip,2,12.3062
g_n100_k4_19.edges,firstfit_luf,9,0.4439
g_n100_k4_2.edges,firstfit,12,0.4807
g_n100_k4_2.edges,cbip,2,12.4393
g_n100_k4_2.edges,firstfit_luf,8,0.4628
g_n100_k4_20.edges,firstfit,10,0.463
g_n100_k4_20.edges,cbip,2,12.1129
g_n100_k4_20.edges,firstfit_luf,8,0.4706
g_n100_k4_21.edges,firstfit,12,1.133
g_n100_k4_21.edges,cbip,2,24.334
g_n100_k4_21.edges,firstfit_luf,9,0.5987
g_n100_k4_22.edges,firstfit,11,0.5121
g_n100_k4_22.edges,cbip,2,12.5589
g_n100_k4_22.edges,firstfit_luf,10,0.4318
g_n100_k4_23.edges,firstfit,11,0.4499
g_n100_k4_23.edges,cbip,2,12.5234
g_n100_k4_23.edges,firstfit_luf,10,0.4544
g_n100_k4_24.edges,firstfit,10,0.4764
g_n100_k4_24.edges,cbip,2,12.6553
g_n100_k4_24.edges,firstfit_luf,11,0.459
g_n100_k4_25.edges,firstfit,12,0.5937
g_n100_k4_25.edges,cbip,4,12.517
g_n100_k4_25.edges,firstfit_luf,10,0.4747
g_n100_k4_26.edges,firstfit,11,0.4911
g_n100_k4_26.edges,cbip,3,12.3713
g_n100_k4_26.edges,firstfit_luf,10,0.4649
g_n100_k4_27.edges,firstfit,11,0.5696
g_n100_k4_27.edges,cbip,3,12.8272
g_n100_k4_27.edges,firstfit_luf,10,0.6065
g_n100_k4_28.edges,firstfit,11,0.4468
g_n100_k4_28.edges,cbip,2,12.5546
g_n100_k4_28.edges,firstfit_luf,10,0.4263
g_n100_k4_29.edges,firstfit,10,0.5951
g_n100_k4_29.edges,cbip,3,12.4454
g_n100_k4_29.edges,firstfit_luf,10,0.4663
g_n100_k4_3.edges,firstfit,10,0.4511
g_n100_k4_3.edges,cbip,2,12.6686
g_n100_k4_3.edges,firstfit_luf,10,0.4864
g_n100_k4_30.edges,firstfit,12,0.4435
g_n100_k4_30.edges,cbip,2,12.2931
g_n100_k4_30.edges,firstfit_luf,8,0.4532
g_n100_k4_31.edges,firstfit,10,0.4604
g_n100_k4_31.edges,cbip,2,11.7416
g_n100_k4_31.edges,firstfit_luf,8,0.4551
g_n100_k4_32.edges,firstfit,11,0.4852
g_n100_k4_32.edges,cbip,2,13.0377
g_n100_k4_32.edges,firstfit_luf,10,0.4768
g_n100_k4_33.edges,firstfit,11,0.5114
g_n100_k4_33.edges,cbip,3,13.1121
g_n100_k4_33.edges,firstfit_luf,10,0.4292
g_n100_k4_34.edges,firstfit,10,0.5195
g_n100_k4_34.edges,cbip,3,13.5972
g_n100_k4_34.edges,firstfit_luf,10,0.4964
g_n100_k4_35.edges,firstfit,11,0.5195
g_n100_k4_35.edges,cbip,2,12.8303
g_n100_k4_35.edges,firstfit_luf,7,0.4246
g_n100_k4_36.edges,firstfit,10,0.4444
g_n100_k4_36.edges,cbip,2,12.0749
g_n100_k4_36.edges,firstfit_luf,9,0.5238
g_n100_k4_37.edges,firstfit,11,0.5035
g_n100_k4_37.edges,cbip,2,12.7401
g_n100_k4_37.edges,firstfit_luf,9,0.4749
g_n100_k4_38.edges,firstfit,12,0.5031
g_n100_k4_38.edges,cbip,3,12.5716
g_n100_k4_38.edges,firstfit_luf,10,0.5229
g_n100_k4_39.edges,firstfit,13,0.4666
g_n100_k4_39.edges,cbip,3,12.6803
g_n100_k4_39.edges,firstfit_luf,10,0.4399
g_n100_k4_4.edges,firstfit,11,1.9071
g_n100_k4_4.edges,cbip,3,31.5547
g_n100_k4_4.edges,firstfit_luf,10,0.6707
g_n100_k4_40.edges,firstfit,10,0.4885
g_n100_k4_40.edges,cbip,2,12.9774
g_n100_k4_40.edges,firstfit_luf,10,0.4356
g_n100_k4_41.edges,firstfit,11,0.4585
g_n100_k4_41.edges,cbip,3,12.5172
g_n100_k4_41.edges,firstfit_luf,10,0.4966
g_n100_k4_42.edges,firstfit,10,0.6843
g_n100_k4_42.edges,cbip,2,12.5093
g_n100_k4_42.edges,firstfit_luf,9,0.4346
g_n100_k4_43.edges,firstfit,11,0.5
g_n100_k4_43.edges,cbip,2,12.6531
g_n100_k4_43.edges,firstfit_luf,5,0.4468
g_n100_k4_44.edges,firstfit,11,0.5131
g_n100_k4_44.edges,cbip,2,12.5904
g_n100_k4_44.edges,firstfit_luf,10,0.452
g_n100_k4_45.edges,firstfit,11,0.4549
g_n100_k4_45.edges,cbip,3,12.3203
g_n100_k4_45.edges,firstfit_luf,10,0.4365
g_n100_k4_46.edges,firstfit,11,0.4859
g_n100_k4_46.edges,cbip,3,12.0716
g_n100_k4_46.edges,firstfit_luf,9,0.4222
g_n100_k4_47.edges,firstfit,10,0.4606
g_n100_k4_47.edges,cbip,4,12.5375
g_n100_k4_47.edges,firstfit_luf,10,0.4385
g_n100_k4_48.edges,firstfit,11,0.4888
g_n100_k4_48.edges,cbip,2,12.2206
g_n100_k4_48.edges,firstfit_luf,10,0.4301
g_n100_k4_49.edges,firstfit,11,0.483
g_n100_k4_49.edges,cbip,2,12.3911
g_n100_k4_49.edges,firstfit_luf,10,0.453
g_n100_k4_5.edges,firstfit,12,0.4604
g_n100_k4_5.edges,cbip,2,12.373
g_n100_k4_5.edges,firstfit_luf,10,0.4361
g_n100_k4_6.edges,firstfit,11,0.4587
g_n100_k4_6.edges,cbip,2,12.3899
g_n100_k4_6.edges,firstfit_luf,10,0.4349
g_n100_k4_7.edges,firstfit,10,0.4802
g_n100_k4_7.edges,cbip,2,13.3138
g_n100_k4_7.edges,firstfit_luf,8,0.4373
g_n100_k4_8.edges,firstfit,9,0.4551
g_n100_k4_8.edges,cbip,2,12.4459
g_n100_k4_8.edges,firstfit_luf,11,0.4587
g_n100_k4_9.edges,firstfit,11,0.4618
g_n100_k4_9.edges,cbip,2,12.2929
g_n100_k4_9.edges,firstfit_luf,9,0.4337
g_n200_k2_0.edges,firstfit,4,1.2014
g_n200_k2_0.edges,cbip,3,107.229
g_n200_k2_0.edges,firstfit_luf,2,1.313
g_n200_k2_1.edges,firstfit,8,1.2631
g_n200_k2_1.edges,cbip,4,108.49
g_n200_k2_1.edges,firstfit_luf,2,1.1537
g_n200_k2_10.edges,firstfit,2,1.1837
g_n200_k2_10.edges,cbip,4,112.076
g_n200_k2_10.edges,firstfit_luf,3,1.2171
g_n200_k2_11.edges,firstfit,4,1.1728
g_n200_k2_11.edges,cbip,3,106.1845
g_n200_k2_11.edges,firstfit_luf,2,1.3616
g_n200_k2_12.edges,firstfit,4,1.272
g_n200_k2_12.edges,cbip,4,110.9993
g_n200_k2_12.edges,firstfit_luf,3,1.2558
g_n200_k2_13.edges,firstfit,3,1.2422
g_n200_k2_13.edges,cbip,3,108.4838
g_n200_k2_13.edges,firstfit_luf,3,1.2274
g_n200_k2_14.edges,firstfit,4,1.1711
g_n200_k2_14.edges,cbip,3,111.0749
g_n200_k2_14.edges,firstfit_luf,2,1.441
g_n200_k2_15.edges,firstfit,4,1.1871
g_n200_k2_15.edges,cbip,3,108.0704
g_n200_k2_15.edges,firstfit_luf,2,1.1492
g_n200_k2_16.edges,firstfit,3,1.2081
g_n200_k2_16.edges,cbip,4,111.656
g_n200_k2_16.edges,firstfit_luf,2,1.2212
g_n200_k2_17.edges,firstfit,2,1.1721
g_n200_k2_17.edges,cbip,4,109.6215
g_n200_k2_17.edges,firstfit_luf,3,1.2419
g_n200_k2_18.edges,firstfit,5,1.2121
g_n200_k2_18.edges,cbip,3,109.3669
g_n200_k2_18.edges,firstfit_luf,3,1.2145
g_n200_k2_19.edges,firstfit,3,1.1594
g_n200_k2_19.edges,cbip,2,108.4275
g_n200_k2_19.edges,firstfit_luf,2,1.1842
g_n200_k2_2.edges,firstfit,3,1.152
g_n200_k2_2.edges,cbip,3,109.1404
g_n200_k2_2.edges,firstfit_luf,3,1.173
g_n200_k2_20.edges,firstfit,7,1.2102
g_n200_k2_20.edges,cbip,4,110.4174
g_n200_k2_20.edges,firstfit_luf,4,1.2174
g_n200_k2_21.edges,firstfit,4,1.3318
g_n200_k2_21.edges,cbip,3,113.2302
g_n200_k2_21.edges,firstfit_luf,2,1.1888
g_n200_k2_22.edges,firstfit,4,1.2953
g_n200_k2_22.edges,cbip,4,110.4655
g_n200_k2_22.edges,firstfit_luf,2,1.1611
g_n200_k2_23.edges,firstfit,3,1.169
g_n200_k2_23.edges,cbip,4,125.8469
g_n200_k2_23.edges,firstfit_luf,4,1.2958
g_n200_k2_24.edges,firstfit,5,1.2572
g_n200_k2_24.edges,cbip,3,114.7106
g_n200_k2_24.edges,firstfit_luf,2,1.2052
g_n200_k2_25.edges,firstfit,8,1.204
g_n200_k2_25.edges,cbip,3,110.3785
g_n200_k2_25.edges,firstfit_luf,3,1.1623
g_n200_k2_26.edges,firstfit,5,1.1837
g_n200_k2_26.edges,cbip,2,109.4413
g_n200_k2_26.edges,firstfit_luf,3,1.2047
g_n200_k2_27.edges,firstfit,4,1.2047
g_n200_k2_27.edges,cbip,4,108.3763
g_n200_k2_27.edges,firstfit_luf,2,1.3146
g_n200_k2_28.edges,firstfit,2,1.1692
g_n200_k2_28.edges,cbip,4,111.2761
g_n200_k2_28.edges,firstfit_luf,4,1.1785
g_n200_k2_29.edges,firstfit,5,1.1902
g_n200_k2_29.edges,cbip,2,111.1374
g_n200_k2_29.edges,firstfit_luf,2,1.1685
g_n200_k2_3.edges,firstfit,8,1.2004
g_n200_k2_3.edges,cbip,3,109.1008
g_n200_k2_3.edges,firstfit_luf,2,1.1604
g_n200_k2_30.edges,firstfit,8,1.2655
g_n200_k2_30.edges,cbip,4,110.5974
g_n200_k2_30.edges,firstfit_luf,2,1.2159
g_n200_k2_31.edges,firstfit,2,1.2488
g_n200_k2_31.edges,cbip,4,111.836
g_n200_k2_31.edges,firstfit_luf,5,1.3912
g_n200_k2_32.edges,firstfit,2,1.2047
g_n200_k2_32.edges,cbip,3,112.8824
g_n200_k2_32.edges,firstfit_luf,6,1.214
g_n200_k2_33.edges,firstfit,4,1.3022
g_n200_k2_33.edges,cbip,3,119.9684
g_n200_k2_33.edges,firstfit_luf,4,1.2801
g_n200_k2_34.edges,firstfit,5,1.2422
g_n200_k2_34.edges,cbip,3,119.2966
g_n200_k2_34.edges,firstfit_luf,2,1.2021
g_n200_k2_35.edges,firstfit,3,1.3025
g_n200_k2_35.edges,cbip,4,115.834
g_n200_k2_35.edges,firstfit_luf,4,1.2102
g_n200_k2_36.edges,firstfit,5,1.2796
g_n200_k2_36.edges,cbip,4,112.0412
g_n200_k2_36.edges,firstfit_luf,3,1.236
g_n200_k2_37.edges,firstfit,6,1.312
g_n200_k2_37.edges,cbip,3,113.6134
g_n200_k2_37.edges,firstfit_luf,2,1.2326
g_n200_k2_38.edges,firstfit,2,1.2193
g_n200_k2_38.edges,cbip,4,113.4408
g_n200_k2_38.edges,firstfit_luf,2,1.3947
g_n200_k2_39.edges,firstfit,6,1.25
g_n200_k2_39.edges,cbip,4,110.3265
g_n200_k2_39.edges,firstfit_luf,6,1.2648
g_n200_k2_4.edges,firstfit,3,1.24
g_n200_k2_4.edges,cbip,4,112.8471
g_n200_k2_4.edges,firstfit_luf,3,1.2929
g_n200_k2_40.edges,firstfit,4,1.2023
g_n200_k2_40.edges,cbip,4,111.0854
g_n200_k2_40.edges,firstfit_luf,3,1.452
g_n200_k2_41.edges,firstfit,4,1.2555
g_n200_k2_41.edges,cbip,4,113.6417
g_n200_k2_41.edges,firstfit_luf,3,1.2643
g_n200_k2_42.edges,firstfit,3,1.2565
g_n200_k2_42.edges,cbip,4,118.5274
g_n200_k2_42.edges,firstfit_luf,2,1.2169
g_n200_k2_43.edges,firstfit,4,1.3831
g_n200_k2_43.edges,cbip,3,112.8418
g_n200_k2_43.edges,firstfit_luf,2,1.2376
g_n200_k2_44.edges,firstfit,2,1.2507
g_n200_k2_44.edges,cbip,4,111.0981
g_n200_k2_44.edges,firstfit_luf,2,1.2019
g_n200_k2_45.edges,firstfit,3,1.2276
g_n200_k2_45.edges,cbip,4,113.0977
g_n200_k2_45.edges,firstfit_luf,3,1.2405
g_n200_k2_46.edges,firstfit,7,1.2281
g_n200_k2_46.edges,cbip,3,112.4461
g_n200_k2_46.edges,firstfit_luf,5,1.3242
g_n200_k2_47.edges,firstfit,7,1.271
g_n200_k2_47.edges,cbip,3,115.932
g_n200_k2_47.edges,firstfit_luf,2,1.2326
g_n200_k2_48.edges,firstfit,4,1.7214
g_n200_k2_48.edges,cbip,4,118.3002
g_n200_k2_48.edges,firstfit_luf,2,1.1981
g_n200_k2_49.edges,firstfit,2,1.2767
g_n200_k2_49.edges,cbip,4,110.3871
g_n200_k2_49.edges,firstfit_luf,3,1.2393
g_n200_k2_5.edges,firstfit,5,1.2314
g_n200_k2_5.edges,cbip,3,111.3548
g_n200_k2_5.edges,firstfit_luf,5,1.2715
g_n200_k2_6.edges,firstfit,6,1.2169
g_n200_k2_6.edges,cbip,3,111.9301
g_n200_k2_6.edges,firstfit_luf,2,1.2159
g_n200_k2_7.edges,firstfit,3,1.215
g_n200_k2_7.edges,cbip,3,116.8885
g_n200_k2_7.edges,firstfit_luf,2,1.2693
g_n200_k2_8.edges,firstfit,3,1.2109
g_n200_k2_8.edges,cbip,3,113.0376
g_n200_k2_8.edges,firstfit_luf,3,1.2228
g_n200_k2_9.edges,firstfit,4,1.2684
g_n200_k2_9.edges,cbip,2,113.4734
g_n200_k2_9.edges,firstfit_luf,2,1.2093
g_n200_k3_0.edges,firstfit,7,1.4112
g_n200_k3_0.edges,cbip,3,75.2518
g_n200_k3_0.edges,firstfit_luf,4,1.4298
g_n200_k3_1.edges,firstfit,13,1.5101
g_n200_k3_1.edges,cbip,3,75.3043
g_n200_k3_1.edges,firstfit_luf,7,1.3878
g_n200_k3_10.edges,firstfit,14,1.5633
g_n200_k3_10.edges,cbip,2,77.7953
g_n200_k3_10.edges,firstfit_luf,15,1.5306
g_n200_k3_11.edges,firstfit,6,1.415
g_n200_k3_11.edges,cbip,3,80.9352
g_n200_k3_11.edges,firstfit_luf,11,1.7202
g_n200_k3_12.edges,firstfit,15,1.6184
g_n200_k3_12.edges,cbip,2,83.8878
g_n200_k3_12.edges,firstfit_luf,4,1.6258
g_n200_k3_13.edges,firstfit,14,1.6735
g_n200_k3_13.edges,cbip,2,84.4808
g_n200_k3_13.edges,firstfit_luf,8,1.4613
g_n200_k3_14.edges,firstfit,12,1.4627
g_n200_k3_14.edges,cbip,2,77.0662
g_n200_k3_14.edges,firstfit_luf,9,1.4069
g_n200_k3_15.edges,firstfit,8,1.4415
g_n200_k3_15.edges,cbip,3,75.7933
g_n200_k3_15.edges,firstfit_luf,13,1.5242
g_n200_k3_16.edges,firstfit,6,1.4038
g_n200_k3_16.edges,cbip,2,76.5393
g_n200_k3_16.edges,firstfit_luf,10,1.4253
g_n200_k3_17.edges,firstfit,16,1.6785
g_n200_k3_17.edges,cbip,4,77.776
g_n200_k3_17.edges,firstfit_luf,11,1.7323
g_n200_k3_18.edges,firstfit,13,1.8075
g_n200_k3_18.edges,cbip,3,80.6136
g_n200_k3_18.edges,firstfit_luf,11,1.4279
g_n200_k3_19.edges,firstfit,8,1.4358
g_n200_k3_19.edges,cbip,2,75.624
g_n200_k3_19.edges,firstfit_luf,10,1.4427
g_n200_k3_2.edges,firstfit,11,1.4253
g_n200_k3_2.edges,cbip,3,77.8754
g_n200_k3_2.edges,firstfit_luf,4,1.4093
g_n200_k3_20.edges,firstfit,7,1.6325
g_n200_k3_20.edges,cbip,2,76.5133
g_n200_k3_20.edges,firstfit_luf,13,1.4317
g_n200_k3_21.edges,firstfit,13,1.4157
g_n200_k3_21.edges,cbip,4,77.657
g_n200_k3_21.edges,firstfit_luf,8,1.5125
g_n200_k3_22.edges,firstfit,15,1.4944
g_n200_k3_22.edges,cbip,2,77.7392
g_n200_k3_22.edges,firstfit_luf,7,1.4145
g_n200_k3_23.edges,firstfit,14,1.425
g_n200_k3_23.edges,cbip,3,75.4886
g_n200_k3_23.edges,firstfit_luf,7,1.389
g_n200_k3_24.edges,firstfit,9,1.4598
g_n200_k3_24.edges,cbip,3,76.8039
g_n200_k3_24.edges,firstfit_luf,3,1.3776
g_n200_k3_25.edges,firstfit,15,1.416
g_n200_k3_25.edges,cbip,3,75.2828
g_n200_k3_25.edges,firstfit_luf,14,1.415
g_n200_k3_26.edges,firstfit,10,1.4038
g_n200_k3_26.edges,cbip,3,76.0596
g_n200_k3_26.edges,firstfit_luf,5,1.555
g_n200_k3_27.edges,firstfit,11,1.5028
g_n200_k3_27.edges,cbip,4,76.8323
g_n200_k3_27.edges,firstfit_luf,4,1.4679
g_n200_k3_28.edges,firstfit,13,1.462
g_n200_k3_28.edges,cbip,2,76.1557
g_n200_k3_28.edges,firstfit_luf,10,1.6062
g_n200_k3_29.edges,firstfit,8,1.41
g_n200_k3_29.edges,cbip,2,76.6213
g_n200_k3_29.edges,firstfit_luf,6,1.3981
g_n200_k3_3.edges,firstfit,11,1.5318
g_n200_k3_3.edges,cbip,2,75.0222
g_n200_k3_3.edges,firstfit_luf,14,1.4689
g_n200_k3_30.edges,firstfit,15,1.4768
g_n200_k3_30.edges,cbip,4,78.3677
g_n200_k3_30.edges,firstfit_luf,6,1.4396
g_n200_k3_31.edges,firstfit,12,1.6708
g_n200_k3_31.edges,cbip,2,76.9818
g_n200_k3_31.edges,firstfit_luf,4,1.3871
g_n200_k3_32.edges,firstfit,11,1.4186
g_n200_k3_32.edges,cbip,3,76.9923
g_n200_k3_32.edges,firstfit_luf,12,1.4634
g_n200_k3_33.edges,firstfit,12,1.4274
g_n200_k3_33.edges,cbip,3,75.3074
g_n200_k3_33.edges,firstfit_luf,11,1.4842
g_n200_k3_34.edges,firstfit,11,1.6224
g_n200_k3_34.edges,cbip,3,74.4255
g_n200_k3_34.edges,firstfit_luf,5,1.4009
g_n200_k3_35.edges,firstfit,14,1.5984
g_n200_k3_35.edges,cbip,2,75.8324
g_n200_k3_35.edges,firstfit_luf,9,1.415
g_n200_k3_36.edges,firstfit,13,1.4031
g_n200_k3_36.edges,cbip,2,75.2771
g_n200_k3_36.edges,firstfit_luf,11,1.5395
g_n200_k3_37.edges,firstfit,14,1.4732
g_n200_k3_37.edges,cbip,3,77.2476
g_n200_k3_37.edges,firstfit_luf,11,1.5101
g_n200_k3_38.edges,firstfit,11,1.4772
g_n200_k3_38.edges,cbip,3,75.5515
g_n200_k3_38.edges,firstfit_luf,8,1.4331
g_n200_k3_39.edges,firstfit,13,1.5635
g_n200_k3_39.edges,cbip,3,75.2547
g_n200_k3_39.edges,firstfit_luf,13,1.5199
g_n200_k3_4.edges,firstfit,13,1.4107
g_n200_k3_4.edges,cbip,4,75.8746
g_n200_k3_4.edges,firstfit_luf,11,1.416
g_n200_k3_40.edges,firstfit,12,1.4012
g_n200_k3_40.edges,cbip,3,75.5472
g_n200_k3_40.edges,firstfit_luf,6,1.3885
g_n200_k3_41.edges,firstfit,14,1.5819
g_n200_k3_41.edges,cbip,2,76.479
g_n200_k3_41.edges,firstfit_luf,6,1.4346
g_n200_k3_42.edges,firstfit,14,1.5521
g_n200_k3_42.edges,cbip,2,75.4616
g_n200_k3_42.edges,firstfit_luf,5,1.3788
g_n200_k3_43.edges,firstfit,9,1.6246
g_n200_k3_43.edges,cbip,2,79.143
g_n200_k3_43.edges,firstfit_luf,10,1.5783
g_n200_k3_44.edges,firstfit,10,1.4048
g_n200_k3_44.edges,cbip,2,75.6848
g_n200_k3_44.edges,firstfit_luf,13,1.425
g_n200_k3_45.edges,firstfit,13,2.0053
g_n200_k3_45.edges,cbip,3,76.2649
g_n200_k3_45.edges,firstfit_luf,9,1.4088
g_n200_k3_46.edges,firstfit,15,1.5762
g_n200_k3_46.edges,cbip,3,76.2093
g_n200_k3_46.edges,firstfit_luf,11,1.4029
g_n200_k3_47.edges,firstfit,12,1.4226
g_n200_k3_47.edges,cbip,2,77.9781
g_n200_k3_47.edges,firstfit_luf,5,1.4257
g_n200_k3_48.edges,firstfit,4,1.6222
g_n200_k3_48.edges,cbip,2,76.0713
g_n200_k3_48.edges,firstfit_luf,11,1.4114
g_n200_k3_49.edges,firstfit,12,1.4565
g_n200_k3_49.edges,cbip,2,76.5884
g_n200_k3_49.edges,firstfit_luf,12,1.4579
g_n200_k3_5.edges,firstfit,12,1.4467
g_n200_k3_5.edges,cbip,3,74.9683
g_n200_k3_5.edges,firstfit_luf,4,1.3769
g_n200_k3_6.edges,firstfit,10,1.4493
g_n200_k3_6.edges,cbip,3,76.7553
g_n200_k3_6.edges,firstfit_luf,5,1.3955
g_n200_k3_7.edges,firstfit,10,1.5383
g_n200_k3_7.edges,cbip,3,75.4168
g_n200_k3_7.edges,firstfit_luf,7,1.4498
g_n200_k3_8.edges,firstfit,11,1.4422
g_n200_k3_8.edges,cbip,3,76.0214
g_n200_k3_8.edges,firstfit_luf,9,1.657
g_n200_k3_9.edges,firstfit,14,1.4691
g_n200_k3_9.edges,cbip,2,74.8663
g_n200_k3_9.edges,firstfit_luf,9,1.3998
g_n200_k4_0.edges,firstfit,16,1.5285
g_n200_k4_0.edges,cbip,3,81.2936
g_n200_k4_0.edges,firstfit_luf,6,1.4806
g_n200_k4_1.edges,firstfit,16,1.5061
g_n200_k4_1.edges,cbip,2,81.9912
g_n200_k4_1.edges,firstfit_luf,14,1.5368
g_n200_k4_10.edges,firstfit,17,1.5483
g_n200_k4_10.edges,cbip,3,84.429
g_n200_k4_10.edges,firstfit_luf,12,1.6978
g_n200_k4_11.edges,firstfit,12,1.5266
g_n200_k4_11.edges,cbip,3,82.8958
g_n200_k4_11.edges,firstfit_luf,14,1.6432
g_n200_k4_12.edges,firstfit,11,1.4846
g_n200_k4_12.edges,cbip,2,83.1029
g_n200_k4_12.edges,firstfit_luf,15,1.5447
g_n200_k4_13.edges,firstfit,17,1.5051
g_n200_k4_13.edges,cbip,2,84.2485
g_n200_k4_13.edges,firstfit_luf,9,1.5614
g_n200_k4_14.edges,firstfit,16,2.0885
g_n200_k4_14.edges,cbip,2,94.8007
g_n200_k4_14.edges,firstfit_luf,15,1.7362
g_n200_k4_15.edges,firstfit,14,1.7068
g_n200_k4_15.edges,cbip,3,93.8432
g_n200_k4_15.edges,firstfit_luf,15,1.5333
g_n200_k4_16.edges,firstfit,17,1.6196
g_n200_k4_16.edges,cbip,2,85.2334
g_n200_k4_16.edges,firstfit_luf,8,1.5125
g_n200_k4_17.edges,firstfit,14,1.5531
g_n200_k4_17.edges,cbip,2,85.4201
g_n200_k4_17.edges,firstfit_luf,11,1.5271
g_n200_k4_18.edges,firstfit,13,1.5254
g_n200_k4_18.edges,cbip,2,83.3967
g_n200_k4_18.edges,firstfit_luf,15,1.5509
g_n200_k4_19.edges,firstfit,16,1.5032
g_n200_k4_19.edges,cbip,2,82.413
g_n200_k4_19.edges,firstfit_luf,8,1.4563
g_n200_k4_2.edges,firstfit,18,1.59
g_n200_k4_2.edges,cbip,3,83.1256
g_n200_k4_2.edges,firstfit_luf,15,1.646
g_n200_k4_20.edges,firstfit,17,1.5457
g_n200_k4_20.edges,cbip,2,82.0439
g_n200_k4_20.edges,firstfit_luf,13,1.5914
g_n200_k4_21.edges,firstfit,17,1.5178
g_n200_k4_21.edges,cbip,3,84.5163
g_n200_k4_21.edges,firstfit_luf,14,1.6201
g_n200_k4_22.edges,firstfit,16,1.6251
g_n200_k4_22.edges,cbip,3,85.8097
g_n200_k4_22.edges,firstfit_luf,16,1.5192
g_n200_k4_23.edges,firstfit,16,1.5364
g_n200_k4_23.edges,cbip,4,83.6701
g_n200_k4_23.edges,firstfit_luf,16,1.5779
g_n200_k4_24.edges,firstfit,17,1.497
g_n200_k4_24.edges,cbip,2,83.7834
g_n200_k4_24.edges,firstfit_luf,10,1.5574
g_n200_k4_25.edges,firstfit,14,1.4894
g_n200_k4_25.edges,cbip,2,82.5238
g_n200_k4_25.edges,firstfit_luf,13,1.5156
g_n200_k4_26.edges,firstfit,16,1.5552
g_n200_k4_26.edges,cbip,2,82.0024
g_n200_k4_26.edges,firstfit_luf,14,1.5056
g_n200_k4_27.edges,firstfit,16,1.6062
g_n200_k4_27.edges,cbip,2,82.7482
g_n200_k4_27.edges,firstfit_luf,13,1.5633
g_n200_k4_28.edges,firstfit,17,1.6136
g_n200_k4_28.edges,cbip,3,82.8998
g_n200_k4_28.edges,firstfit_luf,9,1.5168
g_n200_k4_29.edges,firstfit,11,1.5919
g_n200_k4_29.edges,cbip,2,82.9251
g_n200_k4_29.edges,firstfit_luf,14,1.5719
g_n200_k4_3.edges,firstfit,18,1.5073
g_n200_k4_3.edges,cbip,3,83.7417
g_n200_k4_3.edges,firstfit_luf,14,1.5993
g_n200_k4_30.edges,firstfit,16,1.5206
g_n200_k4_30.edges,cbip,2,84.5048
g_n200_k4_30.edges,firstfit_luf,15,1.5538
g_n200_k4_31.edges,firstfit,16,1.4985
g_n200_k4_31.edges,cbip,2,83.7953
g_n200_k4_31.edges,firstfit_luf,15,1.7314
g_n200_k4_32.edges,firstfit,18,1.4949
g_n200_k4_32.edges,cbip,2,81.6555
g_n200_k4_32.edges,firstfit_luf,15,1.6301
g_n200_k4_33.edges,firstfit,16,1.543
g_n200_k4_33.edges,cbip,2,83.4732
g_n200_k4_33.edges,firstfit_luf,14,1.5426
g_n200_k4_34.edges,firstfit,13,1.6277
g_n200_k4_34.edges,cbip,2,84.3623
g_n200_k4_34.edges,firstfit_luf,11,1.5004
g_n200_k4_35.edges,firstfit,17,1.5202
g_n200_k4_35.edges,cbip,3,83.9701
g_n200_k4_35.edges,firstfit_luf,16,1.6756
g_n200_k4_36.edges,firstfit,15,1.5199
g_n200_k4_36.edges,cbip,2,85.6655
g_n200_k4_36.edges,firstfit_luf,15,1.5323
g_n200_k4_37.edges,firstfit,16,1.5342
g_n200_k4_37.edges,cbip,2,82.3476
g_n200_k4_37.edges,firstfit_luf,14,1.5349
g_n200_k4_38.edges,firstfit,16,1.5616
g_n200_k4_38.edges,cbip,4,84.2278
g_n200_k4_38.edges,firstfit_luf,16,1.514
g_n200_k4_39.edges,firstfit,10,1.7672
g_n200_k4_39.edges,cbip,2,82.9628
g_n200_k4_39.edges,firstfit_luf,15,1.534
g_n200_k4_4.edges,firstfit,13,1.7364
g_n200_k4_4.edges,cbip,2,83.1795
g_n200_k4_4.edges,firstfit_luf,16,1.5759
g_n200_k4_40.edges,firstfit,16,1.5931
g_n200_k4_40.edges,cbip,2,84.3163
g_n200_k4_40.edges,firstfit_luf,13,1.533
g_n200_k4_41.edges,firstfit,17,1.55
g_n200_k4_41.edges,cbip,2,83.9422
g_n200_k4_41.edges,firstfit_luf,15,1.5426
g_n200_k4_42.edges,firstfit,17,1.616
g_n200_k4_42.edges,cbip,2,83.601
g_n200_k4_42.edges,firstfit_luf,15,1.5569
g_n200_k4_43.edges,firstfit,18,1.5464
g_n200_k4_43.edges,cbip,2,84.7797
g_n200_k4_43.edges,firstfit_luf,10,1.5008
g_n200_k4_44.edges,firstfit,17,1.5571
g_n200_k4_44.edges,cbip,3,85.9337
g_n200_k4_44.edges,firstfit_luf,11,1.545
g_n200_k4_45.edges,firstfit,17,1.5852
g_n200_k4_45.edges,cbip,3,84.0254
g_n200_k4_45.edges,firstfit_luf,13,1.4961
g_n200_k4_46.edges,firstfit,15,1.5082
g_n200_k4_46.edges,cbip,3,85.0744
g_n200_k4_46.edges,firstfit_luf,9,1.7109
g_n200_k4_47.edges,firstfit,16,1.5571
g_n200_k4_47.edges,cbip,2,84.9922
g_n200_k4_47.edges,firstfit_luf,13,1.5547
g_n200_k4_48.edges,firstfit,9,1.6997
g_n200_k4_48.edges,cbip,2,83.1134
g_n200_k4_48.edges,firstfit_luf,17,1.5991
g_n200_k4_49.edges,firstfit,13,1.5287
g_n200_k4_49.edges,cbip,3,82.9992
g_n200_k4_49.edges,firstfit_luf,14,1.5502
g_n200_k4_5.edges,firstfit,16,1.7745
g_n200_k4_5.edges,cbip,3,82.8955
g_n200_k4_5.edges,firstfit_luf,13,1.4877
g_n200_k4_6.edges,firstfit,17,1.5903
g_n200_k4_6.edges,cbip,3,82.5884
g_n200_k4_6.edges,firstfit_luf,14,1.6561
g_n200_k4_7.edges,firstfit,17,1.5604
g_n200_k4_7.edges,cbip,2,84.7754
g_n200_k4_7.edges,firstfit_luf,15,1.7486
g_n200_k4_8.edges,firstfit,17,1.7712
g_n200_k4_8.edges,cbip,3,82.6976
g_n200_k4_8.edges,firstfit_luf,14,1.4994
g_n200_k4_9.edges,firstfit,17,1.6539
g_n200_k4_9.edges,cbip,2,83.3521
g_n200_k4_9.edges,firstfit_luf,7,1.5028
g_n400_k2_0.edges,firstfit,3,5.3484
g_n400_k2_0.edges,cbip,2,965.3161
g_n400_k2_0.edges,firstfit_luf,2,5.4066
g_n400_k2_1.edges,firstfit,4,5.0402
g_n400_k2_1.edges,cbip,4,932.9154
g_n400_k2_1.edges,firstfit_luf,3,5.0852
g_n400_k2_10.edges,firstfit,3,5.173
g_n400_k2_10.edges,cbip,4,951.5607
g_n400_k2_10.edges,firstfit_luf,11,5.3344
g_n400_k2_11.edges,firstfit,9,5.4629
g_n400_k2_11.edges,cbip,3,931.4468
g_n400_k2_11.edges,firstfit_luf,4,4.9965
g_n400_k2_12.edges,firstfit,3,5.2032
g_n400_k2_12.edges,cbip,4,961.9534
g_n400_k2_12.edges,firstfit_luf,4,5.2419
g_n400_k2_13.edges,firstfit,6,5.3542
g_n400_k2_13.edges,cbip,4,961.8714
g_n400_k2_13.edges,firstfit_luf,3,5.1219
g_n400_k2_14.edges,firstfit,2,5.6467
g_n400_k2_14.edges,cbip,4,957.2241
g_n400_k2_14.edges,firstfit_luf,4,5.1053
g_n400_k2_15.edges,firstfit,4,5.3849
g_n400_k2_15.edges,cbip,2,956.4209
g_n400_k2_15.edges,firstfit_luf,9,5.2609
g_n400_k2_16.edges,firstfit,3,5.0833
g_n400_k2_16.edges,cbip,3,952.4913
g_n400_k2_16.edges,firstfit_luf,4,5.3291
g_n400_k2_17.edges,firstfit,5,5.5275
g_n400_k2_17.edges,cbip,3,929.1992
g_n400_k2_17.edges,firstfit_luf,3,5.0483
g_n400_k2_18.edges,firstfit,5,5.4553
g_n400_k2_18.edges,cbip,2,979.7883
g_n400_k2_18.edges,firstfit_luf,4,5.1985
g_n400_k2_19.edges,firstfit,4,5.4185
g_n400_k2_19.edges,cbip,2,948.6971
g_n400_k2_19.edges,firstfit_luf,2,5.1785
g_n400_k2_2.edges,firstfit,2,5.1985
g_n400_k2_2.edges,cbip,3,949.7657
g_n400_k2_2.edges,firstfit_luf,3,5.142
g_n400_k2_20.edges,firstfit,2,5.2125
g_n400_k2_20.edges,cbip,3,952.3392
g_n400_k2_20.edges,firstfit_luf,3,5.1374
g_n400_k2_21.edges,firstfit,6,5.3515
g_n400_k2_21.edges,cbip,3,950.248
g_n400_k2_21.edges,firstfit_luf,2,5.0845
g_n400_k2_22.edges,firstfit,3,5.1689
g_n400_k2_22.edges,cbip,3,1102.196
g_n400_k2_22.edges,firstfit_luf,3,5.327
g_n400_k2_23.edges,firstfit,7,5.1553
g_n400_k2_23.edges,cbip,2,953.8536
g_n400_k2_23.edges,firstfit_luf,2,5.8227
g_n400_k2_24.edges,firstfit,3,5.2214
g_n400_k2_24.edges,cbip,3,955.7967
g_n400_k2_24.edges,firstfit_luf,6,5.255
g_n400_k2_25.edges,firstfit,3,5.4016
g_n400_k2_25.edges,cbip,2,965.3976
g_n400_k2_25.edges,firstfit_luf,6,5.5876
g_n400_k2_26.edges,firstfit,3,5.4984
g_n400_k2_26.edges,cbip,4,955.3106
g_n400_k2_26.edges,firstfit_luf,2,5.2588
g_n400_k2_27.edges,firstfit,12,5.2779
g_n400_k2_27.edges,cbip,4,985.8832
g_n400_k2_27.edges,firstfit_luf,5,5.5063
g_n400_k2_28.edges,firstfit,2,5.199
g_n400_k2_28.edges,cbip,4,943.7401
g_n400_k2_28.edges,firstfit_luf,5,5.2066
g_n400_k2_29.edges,firstfit,4,5.3685
g_n400_k2_29.edges,cbip,2,943.9728
g_n400_k2_29.edges,firstfit_luf,3,5.2638
g_n400_k2_3.edges,firstfit,6,5.6911
g_n400_k2_3.edges,cbip,4,948.2822
g_n400_k2_3.edges,firstfit_luf,3,5.2888
g_n400_k2_30.edges,firstfit,3,5.4538
g_n400_k2_30.edges,cbip,3,954.6452
g_n400_k2_30.edges,firstfit_luf,4,5.3453
g_n400_k2_31.edges,firstfit,3,5.121
g_n400_k2_31.edges,cbip,3,972.5134
g_n400_k2_31.edges,firstfit_luf,3,5.038
g_n400_k2_32.edges,firstfit,2,5.4193
g_n400_k2_32.edges,cbip,4,934.4666
g_n400_k2_32.edges,firstfit_luf,3,5.2221
g_n400_k2_33.edges,firstfit,6,5.3837
g_n400_k2_33.edges,cbip,3,944.9382
g_n400_k2_33.edges,firstfit_luf,4,5.2083
g_n400_k2_34.edges,firstfit,2,5.1403
g_n400_k2_34.edges,cbip,2,960.705
g_n400_k2_34.edges,firstfit_luf,3,5.29
g_n400_k2_35.edges,firstfit,4,5.1556
g_n400_k2_35.edges,cbip,3,940.1603
g_n400_k2_35.edges,firstfit_luf,3,5.3399
g_n400_k2_36.edges,firstfit,7,5.4173
g_n400_k2_36.edges,cbip,4,972.404
g_n400_k2_36.edges,firstfit_luf,3,4.9949
g_n400_k2_37.edges,firstfit,2,5.244
g_n400_k2_37.edges,cbip,4,957.3815
g_n400_k2_37.edges,firstfit_luf,2,5.1312
g_n400_k2_38.edges,firstfit,5,5.8451
g_n400_k2_38.edges,cbip,3,959.4958
g_n400_k2_38.edges,firstfit_luf,3,5.2469
g_n400_k2_39.edges,firstfit,3,5.2493
g_n400_k2_39.edges,cbip,3,949.0662
g_n400_k2_39.edges,firstfit_luf,4,5.2404
g_n400_k2_4.edges,firstfit,2,5.3716
g_n400_k2_4.edges,cbip,2,941.0539
g_n400_k2_4.edges,firstfit_luf,10,5.1572
g_n400_k2_40.edges,firstfit,7,5.2278
g_n400_k2_40.edges,cbip,3,987.3779
g_n400_k2_40.edges,firstfit_luf,4,5.2376
g_n400_k2_41.edges,firstfit,3,5.373
g_n400_k2_41.edges,cbip,4,967.0763
g_n400_k2_41.edges,firstfit_luf,4,5.5008
g_n400_k2_42.edges,firstfit,12,5.3821
g_n400_k2_42.edges,cbip,4,961.1528
g_n400_k2_42.edges,firstfit_luf,4,5.197
g_n400_k2_43.edges,firstfit,3,5.4812
g_n400_k2_43.edges,cbip,3,967.1061
g_n400_k2_43.edges,firstfit_luf,2,5.2986
g_n400_k2_44.edges,firstfit,9,5.5087
g_n400_k2_44.edges,cbip,3,946.3315
g_n400_k2_44.edges,firstfit_luf,2,5.2009
g_n400_k2_45.edges,firstfit,5,5.4967
g_n400_k2_45.edges,cbip,4,1000.2453
g_n400_k2_45.edges,firstfit_luf,2,5.1756
g_n400_k2_46.edges,firstfit,4,5.3587
g_n400_k2_46.edges,cbip,3,952.564
g_n400_k2_46.edges,firstfit_luf,2,5.1498
g_n400_k2_47.edges,firstfit,7,5.2125
g_n400_k2_47.edges,cbip,2,1003.7031
g_n400_k2_47.edges,firstfit_luf,5,5.2989
g_n400_k2_48.edges,firstfit,3,5.5058
g_n400_k2_48.edges,cbip,4,1084.9705
g_n400_k2_48.edges,firstfit_luf,6,5.4612
g_n400_k2_49.edges,firstfit,11,6.0534
g_n400_k2_49.edges,cbip,4,966.9421
g_n400_k2_49.edges,firstfit_luf,3,5.3191
g_n400_k2_5.edges,firstfit,3,5.2841
g_n400_k2_5.edges,cbip,4,982.326
g_n400_k2_5.edges,firstfit_luf,3,5.0461
g_n400_k2_6.edges,firstfit,4,5.3103
g_n400_k2_6.edges,cbip,2,964.8511
g_n400_k2_6.edges,firstfit_luf,3,5.2567
g_n400_k2_7.edges,firstfit,10,5.7509
g_n400_k2_7.edges,cbip,4,953.6998
g_n400_k2_7.edges,firstfit_luf,2,5.2507
g_n400_k2_8.edges,firstfit,4,5.3577
g_n400_k2_8.edges,cbip,3,955.5438
g_n400_k2_8.edges,firstfit_luf,2,5.1479
g_n400_k2_9.edges,firstfit,7,5.4283
g_n400_k2_9.edges,cbip,4,959.1794
g_n400_k2_9.edges,firstfit_luf,5,5.2187
g_n400_k3_0.edges,firstfit,13,6.9981
g_n400_k3_0.edges,cbip,4,658.0212
g_n400_k3_0.edges,firstfit_luf,10,7.0729
g_n400_k3_1.edges,firstfit,13,6.6042
g_n400_k3_1.edges,cbip,4,639.6468
g_n400_k3_1.edges,firstfit_luf,12,6.3655
g_n400_k3_10.edges,firstfit,8,6.4855
g_n400_k3_10.edges,cbip,2,641.2716
g_n400_k3_10.edges,firstfit_luf,5,6.1097
g_n400_k3_11.edges,firstfit,13,6.4514
g_n400_k3_11.edges,cbip,2,639.4038
g_n400_k3_11.edges,firstfit_luf,7,6.2108
g_n400_k3_12.edges,firstfit,17,6.5105
g_n400_k3_12.edges,cbip,2,637.4357
g_n400_k3_12.edges,firstfit_luf,3,6.2678
g_n400_k3_13.edges,firstfit,10,6.9196
g_n400_k3_13.edges,cbip,3,636.78
g_n400_k3_13.edges,firstfit_luf,10,6.1669
g_n400_k3_14.edges,firstfit,16,6.7811
g_n400_k3_14.edges,cbip,3,643.9404
g_n400_k3_14.edges,firstfit_luf,8,6.3043
g_n400_k3_15.edges,firstfit,12,6.5084
g_n400_k3_15.edges,cbip,2,646.2128
g_n400_k3_15.edges,firstfit_luf,3,6.1545
g_n400_k3_16.edges,firstfit,19,7.1206
g_n400_k3_16.edges,cbip,3,676.0049
g_n400_k3_16.edges,firstfit_luf,4,6.3276
g_n400_k3_17.edges,firstfit,8,6.9361
g_n400_k3_17.edges,cbip,2,637.6412
g_n400_k3_17.edges,firstfit_luf,4,5.9969
g_n400_k3_18.edges,firstfit,19,6.5367
g_n400_k3_18.edges,cbip,3,638.407
g_n400_k3_18.edges,firstfit_luf,15,6.201
g_n400_k3_19.edges,firstfit,18,6.583
g_n400_k3_19.edges,cbip,3,634.1023
g_n400_k3_19.edges,firstfit_luf,5,6.3179
g_n400_k3_2.edges,firstfit,7,6.639
g_n400_k3_2.edges,cbip,3,639.1759
g_n400_k3_2.edges,firstfit_luf,11,6.2451
g_n400_k3_20.edges,firstfit,21,6.5641
g_n400_k3_20.edges,cbip,2,642.9484
g_n400_k3_20.edges,firstfit_luf,6,6.3794
g_n400_k3_21.edges,firstfit,9,6.5789
g_n400_k3_21.edges,cbip,3,636.1015
g_n400_k3_21.edges,firstfit_luf,13,6.393
g_n400_k3_22.edges,firstfit,5,6.1402
g_n400_k3_22.edges,cbip,3,660.2015
g_n400_k3_22.edges,firstfit_luf,11,6.3469
g_n400_k3_23.edges,firstfit,14,6.216
g_n400_k3_23.edges,cbip,3,638.1338
g_n400_k3_23.edges,firstfit_luf,7,6.1963
g_n400_k3_24.edges,firstfit,18,6.5925
g_n400_k3_24.edges,cbip,3,651.2806
g_n400_k3_24.edges,firstfit_luf,7,6.2351
g_n400_k3_25.edges,firstfit,19,6.5398
g_n400_k3_25.edges,cbip,3,641.4106
g_n400_k3_25.edges,firstfit_luf,20,6.2814
g_n400_k3_26.edges,firstfit,16,6.3443
g_n400_k3_26.edges,cbip,2,636.0507
g_n400_k3_26.edges,firstfit_luf,9,6.2957
g_n400_k3_27.edges,firstfit,11,6.4356
g_n400_k3_27.edges,cbip,2,640.3518
g_n400_k3_27.edges,firstfit_luf,4,6.32
g_n400_k3_28.edges,firstfit,19,6.4962
g_n400_k3_28.edges,cbip,3,646.7686
g_n400_k3_28.edges,firstfit_luf,16,6.3715
g_n400_k3_29.edges,firstfit,19,6.4845
g_n400_k3_29.edges,cbip,2,660.4333
g_n400_k3_29.edges,firstfit_luf,6,6.69
g_n400_k3_3.edges,firstfit,15,6.5389
g_n400_k3_3.edges,cbip,2,642.4146
g_n400_k3_3.edges,firstfit_luf,8,6.3841
g_n400_k3_30.edges,firstfit,7,6.7823
g_n400_k3_30.edges,cbip,2,643.399
g_n400_k3_30.edges,firstfit_luf,9,6.3736
g_n400_k3_31.edges,firstfit,15,6.5882
g_n400_k3_31.edges,cbip,3,636.6098
g_n400_k3_31.edges,firstfit_luf,7,6.4788
g_n400_k3_32.edges,firstfit,10,6.665
g_n400_k3_32.edges,cbip,2,636.0884
g_n400_k3_32.edges,firstfit_luf,6,6.2506
g_n400_k3_33.edges,firstfit,11,6.3577
g_n400_k3_33.edges,cbip,2,646.7445
g_n400_k3_33.edges,firstfit_luf,8,6.1865
g_n400_k3_34.edges,firstfit,13,6.6211
g_n400_k3_34.edges,cbip,2,646.3161
g_n400_k3_34.edges,firstfit_luf,14,6.5994
g_n400_k3_35.edges,firstfit,17,6.2954
g_n400_k3_35.edges,cbip,3,642.0839
g_n400_k3_35.edges,firstfit_luf,9,6.3598
g_n400_k3_36.edges,firstfit,17,6.2869
g_n400_k3_36.edges,cbip,3,661.6757
g_n400_k3_36.edges,firstfit_luf,9,6.211
g_n400_k3_37.edges,firstfit,14,6.6195
g_n400_k3_37.edges,cbip,2,639.22
g_n400_k3_37.edges,firstfit_luf,7,6.1638
g_n400_k3_38.edges,firstfit,13,6.3448
g_n400_k3_38.edges,cbip,2,638.4256
g_n400_k3_38.edges,firstfit_luf,6,6.3798
g_n400_k3_39.edges,firstfit,9,6.5162
g_n400_k3_39.edges,cbip,2,643.4309
g_n400_k3_39.edges,firstfit_luf,4,6.4003
g_n400_k3_4.edges,firstfit,4,6.4697
g_n400_k3_4.edges,cbip,3,636.8549
g_n400_k3_4.edges,firstfit_luf,8,6.3004
g_n400_k3_40.edges,firstfit,8,6.5784
g_n400_k3_40.edges,cbip,3,637.3711
g_n400_k3_40.edges,firstfit_luf,15,6.238
g_n400_k3_41.edges,firstfit,17,6.4707
g_n400_k3_41.edges,cbip,2,644.6989
g_n400_k3_41.edges,firstfit_luf,6,6.619
g_n400_k3_42.edges,firstfit,16,6.3293
g_n400_k3_42.edges,cbip,3,661.1707
g_n400_k3_42.edges,firstfit_luf,4,6.2287
g_n400_k3_43.edges,firstfit,16,6.561
g_n400_k3_43.edges,cbip,2,639.1339
g_n400_k3_43.edges,firstfit_luf,16,6.2242
g_n400_k3_44.edges,firstfit,11,6.3446
g_n400_k3_44.edges,cbip,2,644.4912
g_n400_k3_44.edges,firstfit_luf,11,6.3915
g_n400_k3_45.edges,firstfit,15,6.7403
g_n400_k3_45.edges,cbip,2,641.0668
g_n400_k3_45.edges,firstfit_luf,13,6.2749
g_n400_k3_46.edges,firstfit,19,6.6807
g_n400_k3_46.edges,cbip,2,649.6823
g_n400_k3_46.edges,firstfit_luf,13,6.3779
g_n400_k3_47.edges,firstfit,6,6.3899
g_n400_k3_47.edges,cbip,3,653.266
g_n400_k3_47.edges,firstfit_luf,13,6.4163
g_n400_k3_48.edges,firstfit,4,6.423
g_n400_k3_48.edges,cbip,2,646.415
g_n400_k3_48.edges,firstfit_luf,16,6.2914
g_n400_k3_49.edges,firstfit,14,6.2268
g_n400_k3_49.edges,cbip,2,652.8685
g_n400_k3_49.edges,firstfit_luf,10,6.4993
g_n400_k3_5.edges,firstfit,18,7.103
g_n400_k3_5.edges,cbip,2,652.9815
g_n400_k3_5.edges,firstfit_luf,3,6.2168
g_n400_k3_6.edges,firstfit,17,6.4518
g_n400_k3_6.edges,cbip,4,637.6905
g_n400_k3_6.edges,firstfit_luf,9,6.1076
g_n400_k3_7.edges,firstfit,13,6.3679
g_n400_k3_7.edges,cbip,2,651.7422
g_n400_k3_7.edges,firstfit_luf,7,6.2699
g_n400_k3_8.edges,firstfit,16,6.3746
g_n400_k3_8.edges,cbip,3,637.7282
g_n400_k3_8.edges,firstfit_luf,3,6.1226
g_n400_k3_9.edges,firstfit,15,6.4549
g_n400_k3_9.edges,cbip,2,639.8439
g_n400_k3_9.edges,firstfit_luf,7,6.5498
g_n400_k4_0.edges,firstfit,21,6.9685
g_n400_k4_0.edges,cbip,2,702.8718
g_n400_k4_0.edges,firstfit_luf,23,6.7894
g_n400_k4_1.edges,firstfit,23,7.108
g_n400_k4_1.edges,cbip,3,717.9487
g_n400_k4_1.edges,firstfit_luf,22,7.3078
g_n400_k4_10.edges,firstfit,14,8.285
g_n400_k4_10.edges,cbip,3,701.0233
g_n400_k4_10.edges,firstfit_luf,23,6.8476
g_n400_k4_11.edges,firstfit,14,6.9039
g_n400_k4_11.edges,cbip,2,701.1547
g_n400_k4_11.edges,firstfit_luf,23,6.727
g_n400_k4_12.edges,firstfit,20,6.9652
g_n400_k4_12.edges,cbip,3,707.278
g_n400_k4_12.edges,firstfit_luf,8,6.9265
g_n400_k4_13.edges,firstfit,23,6.8448
g_n400_k4_13.edges,cbip,2,729.3332
g_n400_k4_13.edges,firstfit_luf,21,6.891
g_n400_k4_14.edges,firstfit,18,7.2763
g_n400_k4_14.edges,cbip,2,709.6829
g_n400_k4_14.edges,firstfit_luf,24,6.9346
g_n400_k4_15.edges,firstfit,24,7.2174
g_n400_k4_15.edges,cbip,2,710.0706
g_n400_k4_15.edges,firstfit_luf,11,6.6953
g_n400_k4_16.edges,firstfit,27,7.1642
g_n400_k4_16.edges,cbip,2,734.5967
g_n400_k4_16.edges,firstfit_luf,17,6.7523
g_n400_k4_17.edges,firstfit,24,7.0853
g_n400_k4_17.edges,cbip,2,705.6553
g_n400_k4_17.edges,firstfit_luf,19,6.8226
g_n400_k4_18.edges,firstfit,23,7.1633
g_n400_k4_18.edges,cbip,3,697.1364
g_n400_k4_18.edges,firstfit_luf,14,6.8009
g_n400_k4_19.edges,firstfit,20,6.9559
g_n400_k4_19.edges,cbip,4,708.4856
g_n400_k4_19.edges,firstfit_luf,19,8.0819
g_n400_k4_2.edges,firstfit,23,6.9726
g_n400_k4_2.edges,cbip,2,696.9049
g_n400_k4_2.edges,firstfit_luf,17,6.6216
g_n400_k4_20.edges,firstfit,21,7.0646
g_n400_k4_20.edges,cbip,4,700.5548
g_n400_k4_20.edges,firstfit_luf,8,6.7749
g_n400_k4_21.edges,firstfit,24,7.2234
g_n400_k4_21.edges,cbip,3,711.1468
g_n400_k4_21.edges,firstfit_luf,22,6.943
g_n400_k4_22.edges,firstfit,12,6.9008
g_n400_k4_22.edges,cbip,2,731.7612
g_n400_k4_22.edges,firstfit_luf,22,6.8173
g_n400_k4_23.edges,firstfit,22,6.9954
g_n400_k4_23.edges,cbip,2,701.2827
g_n400_k4_23.edges,firstfit_luf,17,6.8808
g_n400_k4_24.edges,firstfit,24,6.8865
g_n400_k4_24.edges,cbip,4,703.8476
g_n400_k4_24.edges,firstfit_luf,21,6.6993
g_n400_k4_25.edges,firstfit,25,7.246
g_n400_k4_25.edges,cbip,2,700.0883
g_n400_k4_25.edges,firstfit_luf,24,6.7837
g_n400_k4_26.edges,firstfit,20,7.2141
g_n400_k4_26.edges,cbip,2,695.0452
g_n400_k4_26.edges,firstfit_luf,20,6.8274
g_n400_k4_27.edges,firstfit,25,7.7856
g_n400_k4_27.edges,cbip,2,762.8808
g_n400_k4_27.edges,firstfit_luf,17,7.4737
g_n400_k4_28.edges,firstfit,21,7.4823
g_n400_k4_28.edges,cbip,2,760.2143
g_n400_k4_28.edges,firstfit_luf,17,7.0574
g_n400_k4_29.edges,firstfit,28,8.1379
g_n400_k4_29.edges,cbip,3,798.9776
g_n400_k4_29.edges,firstfit_luf,17,6.8998
g_n400_k4_3.edges,firstfit,22,7.411
g_n400_k4_3.edges,cbip,3,746.8264
g_n400_k4_3.edges,firstfit_luf,10,7.7267
g_n400_k4_30.edges,firstfit,24,7.3814
g_n400_k4_30.edges,cbip,2,800.1964
g_n400_k4_30.edges,firstfit_luf,20,15.9476
g_n400_k4_31.edges,firstfit,22,8.2238
g_n400_k4_31.edges,cbip,2,884.908
g_n400_k4_31.edges,firstfit_luf,18,7.6563
g_n400_k4_32.edges,firstfit,24,7.323
g_n400_k4_32.edges,cbip,2,751.5256
g_n400_k4_32.edges,firstfit_luf,14,7.1445
g_n400_k4_33.edges,firstfit,22,7.88
g_n400_k4_33.edges,cbip,3,802.6724
g_n400_k4_33.edges,firstfit_luf,23,6.917
g_n400_k4_34.edges,firstfit,14,9.4149
g_n400_k4_34.edges,cbip,3,730.6361
g_n400_k4_34.edges,firstfit_luf,18,6.4578
g_n400_k4_35.edges,firstfit,23,8.1182
g_n400_k4_35.edges,cbip,3,742.6584
g_n400_k4_35.edges,firstfit_luf,20,6.937
g_n400_k4_36.edges,firstfit,25,7.6048
g_n400_k4_36.edges,cbip,2,748.3764
g_n400_k4_36.edges,firstfit_luf,22,7.2665
g_n400_k4_37.edges,firstfit,20,7.8595
g_n400_k4_37.edges,cbip,2,734.7152
g_n400_k4_37.edges,firstfit_luf,22,6.9046
g_n400_k4_38.edges,firstfit,23,7.2834
g_n400_k4_38.edges,cbip,2,751.024
g_n400_k4_38.edges,firstfit_luf,21,7.5545
g_n400_k4_39.edges,firstfit,24,7.9494
g_n400_k4_39.edges,cbip,2,755.0056
g_n400_k4_39.edges,firstfit_luf,21,8.095
g_n400_k4_4.edges,firstfit,25,7.9556
g_n400_k4_4.edges,cbip,2,762.3684
g_n400_k4_4.edges,firstfit_luf,20,6.8326
g_n400_k4_40.edges,firstfit,25,7.4692
g_n400_k4_40.edges,cbip,2,754.287
g_n400_k4_40.edges,firstfit_luf,21,7.1015
g_n400_k4_41.edges,firstfit,12,7.978
g_n400_k4_41.edges,cbip,2,745.0392
g_n400_k4_41.edges,firstfit_luf,8,7.0016
g_n400_k4_42.edges,firstfit,24,7.4522
g_n400_k4_42.edges,cbip,3,754.9629
g_n400_k4_42.edges,firstfit_luf,22,7.3414
g_n400_k4_43.edges,firstfit,22,7.0679
g_n400_k4_43.edges,cbip,2,735.851
g_n400_k4_43.edges,firstfit_luf,15,7.4365
g_n400_k4_44.edges,firstfit,22,7.3256
g_n400_k4_44.edges,cbip,2,744.4103
g_n400_k4_44.edges,firstfit_luf,15,6.8808
g_n400_k4_45.edges,firstfit,17,7.6444
g_n400_k4_45.edges,cbip,2,776.8912
g_n400_k4_45.edges,firstfit_luf,13,7.3898
g_n400_k4_46.edges,firstfit,13,7.6756
g_n400_k4_46.edges,cbip,4,738.1175
g_n400_k4_46.edges,firstfit_luf,22,6.9385
g_n400_k4_47.edges,firstfit,22,7.7782
g_n400_k4_47.edges,cbip,2,730.9513
g_n400_k4_47.edges,firstfit_luf,15,7.5812
g_n400_k4_48.edges,firstfit,25,7.4322
g_n400_k4_48.edges,cbip,3,740.3777
g_n400_k4_48.edges,firstfit_luf,20,7.0486
g_n400_k4_49.edges,firstfit,21,7.1187
g_n400_k4_49.edges,cbip,2,736.5017
g_n400_k4_49.edges,firstfit_luf,22,6.9308
g_n400_k4_5.edges,firstfit,23,7.2932
g_n400_k4_5.edges,cbip,2,738.632
g_n400_k4_5.edges,firstfit_luf,14,7.6466
g_n400_k4_6.edges,firstfit,22,7.556
g_n400_k4_6.edges,cbip,2,770.6914
g_n400_k4_6.edges,firstfit_luf,21,7.9353
g_n400_k4_7.edges,firstfit,24,7.0751
g_n400_k4_7.edges,cbip,4,769.063
g_n400_k4_7.edges,firstfit_luf,25,7.7724
g_n400_k4_8.edges,firstfit,25,7.5576
g_n400_k4_8.edges,cbip,2,731.0159
g_n400_k4_8.edges,firstfit_luf,15,6.7313
g_n400_k4_9.edges,firstfit,17,7.9765
g_n400_k4_9.edges,cbip,3,733.4173
g_n400_k4_9.edges,firstfit_luf,17,6.8362
g_n50_k2_0.edges,firstfit,3,0.15
g_n50_k2_0.edges,cbip,2,2.9004
g_n50_k2_0.edges,firstfit_luf,5,0.1235
g_n50_k2_1.edges,firstfit,2,0.1256
g_n50_k2_1.edges,cbip,2,3.3064
g_n50_k2_1.edges,firstfit_luf,2,0.1619
g_n50_k2_10.edges,firstfit,4,0.191
g_n50_k2_10.edges,cbip,4,2.3372
g_n50_k2_10.edges,firstfit_luf,2,0.1132
g_n50_k2_11.edges,firstfit,5,0.1361
g_n50_k2_11.edges,cbip,3,2.6629
g_n50_k2_11.edges,firstfit_luf,3,0.2069
g_n50_k2_12.edges,firstfit,3,0.1371
g_n50_k2_12.edges,cbip,3,2.7409
g_n50_k2_12.edges,firstfit_luf,3,0.1435
g_n50_k2_13.edges,firstfit,3,0.1354
g_n50_k2_13.edges,cbip,4,3.0057
g_n50_k2_13.edges,firstfit_luf,2,0.2255
g_n50_k2_14.edges,firstfit,5,0.1378
g_n50_k2_14.edges,cbip,3,2.7645
g_n50_k2_14.edges,firstfit_luf,2,0.1266
g_n50_k2_15.edges,firstfit,4,0.1383
g_n50_k2_15.edges,cbip,3,2.6679
g_n50_k2_15.edges,firstfit_luf,2,0.1249
g_n50_k2_16.edges,firstfit,2,0.1848
g_n50_k2_16.edges,cbip,3,2.6307
g_n50_k2_16.edges,firstfit_luf,3,0.1235
g_n50_k2_17.edges,firstfit,3,0.1314
g_n50_k2_17.edges,cbip,3,2.6531
g_n50_k2_17.edges,firstfit_luf,4,0.1225
g_n50_k2_18.edges,firstfit,5,0.2272
g_n50_k2_18.edges,cbip,3,2.8863
g_n50_k2_18.edges,firstfit_luf,2,0.1264
g_n50_k2_19.edges,firstfit,3,0.1364
g_n50_k2_19.edges,cbip,4,2.9135
g_n50_k2_19.edges,firstfit_luf,2,0.1228
g_n50_k2_2.edges,firstfit,5,0.1514
g_n50_k2_2.edges,cbip,3,2.6169
g_n50_k2_2.edges,firstfit_luf,3,0.1647
g_n50_k2_20.edges,firstfit,3,0.1326
g_n50_k2_20.edges,cbip,3,2.6233
g_n50_k2_20.edges,firstfit_luf,2,0.1605
g_n50_k2_21.edges,firstfit,5,0.2704
g_n50_k2_21.edges,cbip,3,2.7986
g_n50_k2_21.edges,firstfit_luf,4,0.1299
g_n50_k2_22.edges,firstfit,3,0.1333
g_n50_k2_22.edges,cbip,2,2.8055
g_n50_k2_22.edges,firstfit_luf,5,0.1698
g_n50_k2_23.edges,firstfit,5,0.1562
g_n50_k2_23.edges,cbip,3,2.6491
g_n50_k2_23.edges,firstfit_luf,2,0.1225
g_n50_k2_24.edges,firstfit,5,0.1366
g_n50_k2_24.edges,cbip,4,2.8231
g_n50_k2_24.edges,firstfit_luf,2,0.1218
g_n50_k2_25.edges,firstfit,3,0.1776
g_n50_k2_25.edges,cbip,2,3.6747
g_n50_k2_25.edges,firstfit_luf,2,0.1314
g_n50_k2_26.edges,firstfit,5,0.1364
g_n50_k2_26.edges,cbip,2,2.7742
g_n50_k2_26.edges,firstfit_luf,2,0.1245
g_n50_k2_27.edges,firstfit,3,0.1729
g_n50_k2_27.edges,cbip,3,2.6038
g_n50_k2_27.edges,firstfit_luf,2,0.1245
g_n50_k2_28.edges,firstfit,6,0.1774
g_n50_k2_28.edges,cbip,3,2.4874
g_n50_k2_28.edges,firstfit_luf,2,0.1378
g_n50_k2_29.edges,firstfit,5,0.1357
g_n50_k2_29.edges,cbip,4,2.5573
g_n50_k2_29.edges,firstfit_luf,4,0.1473
g_n50_k2_3.edges,firstfit,3,0.1986
g_n50_k2_3.edges,cbip,3,2.6839
g_n50_k2_3.edges,firstfit_luf,3,0.1507
g_n50_k2_30.edges,firstfit,4,0.1349
g_n50_k2_30.edges,cbip,2,2.6999
g_n50_k2_30.edges,firstfit_luf,2,0.1221
g_n50_k2_31.edges,firstfit,5,0.1318
g_n50_k2_31.edges,cbip,2,2.8405
g_n50_k2_31.edges,firstfit_luf,3,0.1218
g_n50_k2_32.edges,firstfit,6,0.1791
g_n50_k2_32.edges,cbip,3,2.3732
g_n50_k2_32.edges,firstfit_luf,4,0.1228
g_n50_k2_33.edges,firstfit,4,0.134
g_n50_k2_33.edges,cbip,3,2.6116
g_n50_k2_33.edges,firstfit_luf,2,0.1214
g_n50_k2_34.edges,firstfit,3,0.1333
g_n50_k2_34.edges,cbip,3,3.0985
g_n50_k2_34.edges,firstfit_luf,4,0.1261
g_n50_k2_35.edges,firstfit,4,0.138
g_n50_k2_35.edges,cbip,4,2.7263
g_n50_k2_35.edges,firstfit_luf,3,0.1268
g_n50_k2_36.edges,firstfit,6,0.1402
g_n50_k2_36.edges,cbip,2,2.8825
g_n50_k2_36.edges,firstfit_luf,6,0.1314
g_n50_k2_37.edges,firstfit,6,0.1402
g_n50_k2_37.edges,cbip,3,2.8191
g_n50_k2_37.edges,firstfit_luf,2,0.1247
g_n50_k2_38.edges,firstfit,6,0.1357
g_n50_k2_38.edges,cbip,2,3.145
g_n50_k2_38.edges,firstfit_luf,2,0.1645
g_n50_k2_39.edges,firstfit,5,0.1357
g_n50_k2_39.edges,cbip,3,2.7568
g_n50_k2_39.edges,firstfit_luf,3,0.1252
g_n50_k2_4.edges,firstfit,4,0.1371
g_n50_k2_4.edges,cbip,4,2.8689
g_n50_k2_4.edges,firstfit_luf,2,0.1218
g_n50_k2_40.edges,firstfit,5,0.1397
g_n50_k2_40.edges,cbip,3,3.4254
g_n50_k2_40.edges,firstfit_luf,3,0.1874
g_n50_k2_41.edges,firstfit,2,0.1309
g_n50_k2_41.edges,cbip,3,2.4185
g_n50_k2_41.edges,firstfit_luf,4,0.1223
g_n50_k2_42.edges,firstfit,3,0.1352
g_n50_k2_42.edges,cbip,4,2.6171
g_n50_k2_42.edges,firstfit_luf,3,0.1268
g_n50_k2_43.edges,firstfit,6,0.1822
g_n50_k2_43.edges,cbip,4,2.784
g_n50_k2_43.edges,firstfit_luf,2,0.1688
g_n50_k2_44.edges,firstfit,4,0.1979
g_n50_k2_44.edges,cbip,3,3.5903
g_n50_k2_44.edges,firstfit_luf,2,0.1271
g_n50_k2_45.edges,firstfit,5,0.1364
g_n50_k2_45.edges,cbip,4,2.5909
g_n50_k2_45.edges,firstfit_luf,2,0.1647
g_n50_k2_46.edges,firstfit,5,0.1392
g_n50_k2_46.edges,cbip,4,2.6739
g_n50_k2_46.edges,firstfit_luf,2,0.1259
g_n50_k2_47.edges,firstfit,6,0.1817
g_n50_k2_47.edges,cbip,3,2.738
g_n50_k2_47.edges,firstfit_luf,2,0.1218
g_n50_k2_48.edges,firstfit,4,0.134
g_n50_k2_48.edges,cbip,4,2.6214
g_n50_k2_48.edges,firstfit_luf,2,0.181
g_n50_k2_49.edges,firstfit,6,0.1361
g_n50_k2_49.edges,cbip,2,2.8236
g_n50_k2_49.edges,firstfit_luf,2,0.1223
g_n50_k2_5.edges,firstfit,2,0.1309
g_n50_k2_5.edges,cbip,4,2.6538
g_n50_k2_5.edges,firstfit_luf,4,0.1256
g_n50_k2_6.edges,firstfit,6,0.1402
g_n50_k2_6.edges,cbip,4,3.2845
g_n50_k2_6.edges,firstfit_luf,3,0.1321
g_n50_k2_7.edges,firstfit,5,0.1357
g_n50_k2_7.edges,cbip,2,2.532
g_n50_k2_7.edges,firstfit_luf,2,0.1659
g_n50_k2_8.edges,firstfit,3,0.1326
g_n50_k2_8.edges,cbip,2,2.7769
g_n50_k2_8.edges,firstfit_luf,2,0.1233
g_n50_k2_9.edges,firstfit,4,0.1376
g_n50_k2_9.edges,cbip,4,2.569
g_n50_k2_9.edges,firstfit_luf,2,0.1261
g_n50_k3_0.edges,firstfit,5,0.1521
g_n50_k3_0.edges,cbip,4,2.0957
g_n50_k3_0.edges,firstfit_luf,4,0.1583
g_n50_k3_1.edges,firstfit,7,0.1438
g_n50_k3_1.edges,cbip,2,1.9615
g_n50_k3_1.edges,firstfit_luf,4,0.1907
g_n50_k3_10.edges,firstfit,6,0.1466
g_n50_k3_10.edges,cbip,2,2.1322
g_n50_k3_10.edges,firstfit_luf,6,0.1781
g_n50_k3_11.edges,firstfit,6,0.2031
g_n50_k3_11.edges,cbip,2,1.8539
g_n50_k3_11.edges,firstfit_luf,6,0.1357
g_n50_k3_12.edges,firstfit,7,0.1495
g_n50_k3_12.edges,cbip,2,2.0242
g_n50_k3_12.edges,firstfit_luf,7,0.1411
g_n50_k3_13.edges,firstfit,7,0.1483
g_n50_k3_13.edges,cbip,4,1.8938
g_n50_k3_13.edges,firstfit_luf,4,0.1345
g_n50_k3_14.edges,firstfit,5,0.1915
g_n50_k3_14.edges,cbip,2,2.0063
g_n50_k3_14.edges,firstfit_luf,5,0.1428
g_n50_k3_15.edges,firstfit,6,0.1485
g_n50_k3_15.edges,cbip,3,1.8599
g_n50_k3_15.edges,firstfit_luf,5,0.1378
g_n50_k3_16.edges,firstfit,6,0.1428
g_n50_k3_16.edges,cbip,2,1.9348
g_n50_k3_16.edges,firstfit_luf,4,0.133
g_n50_k3_17.edges,firstfit,8,0.1528
g_n50_k3_17.edges,cbip,3,2.0454
g_n50_k3_17.edges,firstfit_luf,6,0.1411
g_n50_k3_18.edges,firstfit,6,0.1473
g_n50_k3_18.edges,cbip,3,1.9815
g_n50_k3_18.edges,firstfit_luf,5,0.1588
g_n50_k3_19.edges,firstfit,7,0.1447
g_n50_k3_19.edges,cbip,3,2.1141
g_n50_k3_19.edges,firstfit_luf,6,0.1366
g_n50_k3_2.edges,firstfit,6,0.174
g_n50_k3_2.edges,cbip,2,1.9565
g_n50_k3_2.edges,firstfit_luf,7,0.1402
g_n50_k3_20.edges,firstfit,5,0.1442
g_n50_k3_20.edges,cbip,3,1.9112
g_n50_k3_20.edges,firstfit_luf,5,0.1366
g_n50_k3_21.edges,firstfit,7,0.1538
g_n50_k3_21.edges,cbip,3,2.2318
g_n50_k3_21.edges,firstfit_luf,3,0.1402
g_n50_k3_22.edges,firstfit,7,0.149
g_n50_k3_22.edges,cbip,3,1.9348
g_n50_k3_22.edges,firstfit_luf,7,0.1392
g_n50_k3_23.edges,firstfit,6,0.1438
g_n50_k3_23.edges,cbip,2,1.967
g_n50_k3_23.edges,firstfit_luf,6,0.1349
g_n50_k3_24.edges,firstfit,5,0.1876
g_n50_k3_24.edges,cbip,2,1.9674
g_n50_k3_24.edges,firstfit_luf,5,0.1361
g_n50_k3_25.edges,firstfit,4,0.1431
g_n50_k3_25.edges,cbip,3,1.9598
g_n50_k3_25.edges,firstfit_luf,6,0.1383
g_n50_k3_26.edges,firstfit,7,0.1547
g_n50_k3_26.edges,cbip,4,2.7652
g_n50_k3_26.edges,firstfit_luf,6,0.2131
g_n50_k3_27.edges,firstfit,7,0.1493
g_n50_k3_27.edges,cbip,3,1.9271
g_n50_k3_27.edges,firstfit_luf,3,0.1366
g_n50_k3_28.edges,firstfit,6,0.1671
g_n50_k3_28.edges,cbip,2,1.8492
g_n50_k3_28.edges,firstfit_luf,6,0.1333
g_n50_k3_29.edges,firstfit,7,0.1509
g_n50_k3_29.edges,cbip,2,2.5015
g_n50_k3_29.edges,firstfit_luf,5,0.1426
g_n50_k3_3.edges,firstfit,8,0.1495
g_n50_k3_3.edges,cbip,4,1.9174
g_n50_k3_3.edges,firstfit_luf,6,0.1402
g_n50_k3_30.edges,firstfit,7,0.1495
g_n50_k3_30.edges,cbip,3,2.039
g_n50_k3_30.edges,firstfit_luf,6,0.14
g_n50_k3_31.edges,firstfit,6,0.1631
g_n50_k3_31.edges,cbip,3,2.2504
g_n50_k3_31.edges,firstfit_luf,4,0.1347
g_n50_k3_32.edges,firstfit,7,0.1438
g_n50_k3_32.edges,cbip,2,2.0659
g_n50_k3_32.edges,firstfit_luf,6,0.1349
g_n50_k3_33.edges,firstfit,5,0.1447
g_n50_k3_33.edges,cbip,2,1.92
g_n50_k3_33.edges,firstfit_luf,5,0.1345
g_n50_k3_34.edges,firstfit,7,0.246
g_n50_k3_34.edges,cbip,2,2.1276
g_n50_k3_34.edges,firstfit_luf,6,0.1409
g_n50_k3_35.edges,firstfit,6,0.1431
g_n50_k3_35.edges,cbip,4,1.8692
g_n50_k3_35.edges,firstfit_luf,6,0.1342
g_n50_k3_36.edges,firstfit,6,0.1504
g_n50_k3_36.edges,cbip,3,1.9605
g_n50_k3_36.edges,firstfit_luf,5,0.1404
g_n50_k3_37.edges,firstfit,5,0.15
g_n50_k3_37.edges,cbip,2,2.5907
g_n50_k3_37.edges,firstfit_luf,4,0.1361
g_n50_k3_38.edges,firstfit,8,0.1476
g_n50_k3_38.edges,cbip,2,1.9422
g_n50_k3_38.edges,firstfit_luf,6,0.14
g_n50_k3_39.edges,firstfit,8,0.1476
g_n50_k3_39.edges,cbip,2,1.9815
g_n50_k3_39.edges,firstfit_luf,5,0.1581
g_n50_k3_4.edges,firstfit,7,0.1557
g_n50_k3_4.edges,cbip,3,2.2111
g_n50_k3_4.edges,firstfit_luf,6,0.1559
g_n50_k3_40.edges,firstfit,5,0.1495
g_n50_k3_40.edges,cbip,3,2.0854
g_n50_k3_40.edges,firstfit_luf,6,0.1414
g_n50_k3_41.edges,firstfit,6,0.2286
g_n50_k3_41.edges,cbip,2,2.1396
g_n50_k3_41.edges,firstfit_luf,7,0.1402
g_n50_k3_42.edges,firstfit,7,0.1678
g_n50_k3_42.edges,cbip,3,2.8079
g_n50_k3_42.edges,firstfit_luf,6,0.1395
g_n50_k3_43.edges,firstfit,6,0.1512
g_n50_k3_43.edges,cbip,3,1.8752
g_n50_k3_43.edges,firstfit_luf,6,0.1364
g_n50_k3_44.edges,firstfit,7,0.1481
g_n50_k3_44.edges,cbip,4,2.0447
g_n50_k3_44.edges,firstfit_luf,4,0.1364
g_n50_k3_45.edges,firstfit,8,0.1485
g_n50_k3_45.edges,cbip,2,2.4576
g_n50_k3_45.edges,firstfit_luf,6,0.1428
g_n50_k3_46.edges,firstfit,7,0.1709
g_n50_k3_46.edges,cbip,2,1.7059
g_n50_k3_46.edges,firstfit_luf,6,0.1769
g_n50_k3_47.edges,firstfit,7,0.1478
g_n50_k3_47.edges,cbip,2,1.9009
g_n50_k3_47.edges,firstfit_luf,6,0.1385
g_n50_k3_48.edges,firstfit,5,0.1466
g_n50_k3_48.edges,cbip,3,2.4059
g_n50_k3_48.edges,firstfit_luf,5,0.1831
g_n50_k3_49.edges,firstfit,6,0.1493
g_n50_k3_49.edges,cbip,4,2.188
g_n50_k3_49.edges,firstfit_luf,4,0.1781
g_n50_k3_5.edges,firstfit,4,0.1681
g_n50_k3_5.edges,cbip,2,2.0361
g_n50_k3_5.edges,firstfit_luf,3,0.1781
g_n50_k3_6.edges,firstfit,7,0.1509
g_n50_k3_6.edges,cbip,2,2.2652
g_n50_k3_6.edges,firstfit_luf,6,0.226
g_n50_k3_7.edges,firstfit,8,0.1907
g_n50_k3_7.edges,cbip,3,1.8606
g_n50_k3_7.edges,firstfit_luf,4,0.1574
g_n50_k3_8.edges,firstfit,6,0.1497
g_n50_k3_8.edges,cbip,3,2.0969
g_n50_k3_8.edges,firstfit_luf,5,0.1385
g_n50_k3_9.edges,firstfit,6,0.2081
g_n50_k3_9.edges,cbip,3,2.1698
g_n50_k3_9.edges,firstfit_luf,6,0.1307
g_n50_k4_0.edges,firstfit,8,0.1569
g_n50_k4_0.edges,cbip,2,2.0187
g_n50_k4_0.edges,firstfit_luf,7,0.1876
g_n50_k4_1.edges,firstfit,7,0.2384
g_n50_k4_1.edges,cbip,3,2.2161
g_n50_k4_1.edges,firstfit_luf,7,0.1476
g_n50_k4_10.edges,firstfit,7,0.1552
g_n50_k4_10.edges,cbip,2,2.073
g_n50_k4_10.edges,firstfit_luf,6,0.1426
g_n50_k4_11.edges,firstfit,7,0.18
g_n50_k4_11.edges,cbip,3,2.0883
g_n50_k4_11.edges,firstfit_luf,6,0.1433
g_n50_k4_12.edges,firstfit,7,0.1991
g_n50_k4_12.edges,cbip,3,1.9946
g_n50_k4_12.edges,firstfit_luf,6,0.1445
g_n50_k4_13.edges,firstfit,7,0.1953
g_n50_k4_13.edges,cbip,2,1.8654
g_n50_k4_13.edges,firstfit_luf,7,0.1814
g_n50_k4_14.edges,firstfit,8,0.1574
g_n50_k4_14.edges,cbip,2,2.1024
g_n50_k4_14.edges,firstfit_luf,6,0.1452
g_n50_k4_15.edges,firstfit,6,0.1535
g_n50_k4_15.edges,cbip,2,2.0163
g_n50_k4_15.edges,firstfit_luf,6,0.2248
g_n50_k4_16.edges,firstfit,7,0.1779
g_n50_k4_16.edges,cbip,2,2.224
g_n50_k4_16.edges,firstfit_luf,7,0.1459
g_n50_k4_17.edges,firstfit,8,0.154
g_n50_k4_17.edges,cbip,2,2.8949
g_n50_k4_17.edges,firstfit_luf,7,0.1481
g_n50_k4_18.edges,firstfit,8,0.1571
g_n50_k4_18.edges,cbip,2,2.0881
g_n50_k4_18.edges,firstfit_luf,7,0.1469
g_n50_k4_19.edges,firstfit,8,0.1602
g_n50_k4_19.edges,cbip,2,2.2388
g_n50_k4_19.edges,firstfit_luf,7,0.1519
g_n50_k4_2.edges,firstfit,7,0.1578
g_n50_k4_2.edges,cbip,2,2.7156
g_n50_k4_2.edges,firstfit_luf,7,0.1514
g_n50_k4_20.edges,firstfit,8,0.1535
g_n50_k4_20.edges,cbip,2,2.0504
g_n50_k4_20.edges,firstfit_luf,7,0.144
g_n50_k4_21.edges,firstfit,6,0.1533
g_n50_k4_21.edges,cbip,3,2.0962
g_n50_k4_21.edges,firstfit_luf,7,0.1447
g_n50_k4_22.edges,firstfit,7,0.1562
g_n50_k4_22.edges,cbip,3,2.6019
g_n50_k4_22.edges,firstfit_luf,6,0.19
g_n50_k4_23.edges,firstfit,8,0.1583
g_n50_k4_23.edges,cbip,3,2.25
g_n50_k4_23.edges,firstfit_luf,7,0.1454
g_n50_k4_24.edges,firstfit,7,0.1566
g_n50_k4_24.edges,cbip,2,2.0735
g_n50_k4_24.edges,firstfit_luf,7,0.1476
g_n50_k4_25.edges,firstfit,7,0.1943
g_n50_k4_25.edges,cbip,2,2.0492
g_n50_k4_25.edges,firstfit_luf,6,0.14
g_n50_k4_26.edges,firstfit,7,0.1585
g_n50_k4_26.edges,cbip,2,2.4157
g_n50_k4_26.edges,firstfit_luf,7,0.1535
g_n50_k4_27.edges,firstfit,7,0.1545
g_n50_k4_27.edges,cbip,2,2.1605
g_n50_k4_27.edges,firstfit_luf,7,0.145
g_n50_k4_28.edges,firstfit,7,0.1521
g_n50_k4_28.edges,cbip,2,2.0299
g_n50_k4_28.edges,firstfit_luf,7,0.1435
g_n50_k4_29.edges,firstfit,7,0.1919
g_n50_k4_29.edges,cbip,2,2.0375
g_n50_k4_29.edges,firstfit_luf,7,0.138
g_n50_k4_3.edges,firstfit,7,0.1774
g_n50_k4_3.edges,cbip,4,2.2867
g_n50_k4_3.edges,firstfit_luf,7,0.1466
g_n50_k4_30.edges,firstfit,7,0.1564
g_n50_k4_30.edges,cbip,2,2.0573
g_n50_k4_30.edges,firstfit_luf,7,0.1471
g_n50_k4_31.edges,firstfit,7,0.1521
g_n50_k4_31.edges,cbip,3,2.049
g_n50_k4_31.edges,firstfit_luf,5,0.1643
g_n50_k4_32.edges,firstfit,7,0.1559
g_n50_k4_32.edges,cbip,2,2.2154
g_n50_k4_32.edges,firstfit_luf,7,0.1681
g_n50_k4_33.edges,firstfit,7,0.1559
g_n50_k4_33.edges,cbip,2,2.0227
g_n50_k4_33.edges,firstfit_luf,7,0.1447
g_n50_k4_34.edges,firstfit,7,0.1509
g_n50_k4_34.edges,cbip,2,2.1377
g_n50_k4_34.edges,firstfit_luf,6,0.1895
g_n50_k4_35.edges,firstfit,7,0.1528
g_n50_k4_35.edges,cbip,4,2.0552
g_n50_k4_35.edges,firstfit_luf,6,0.1438
g_n50_k4_36.edges,firstfit,6,0.1488
g_n50_k4_36.edges,cbip,3,2.1489
g_n50_k4_36.edges,firstfit_luf,7,0.1404
g_n50_k4_37.edges,firstfit,7,0.1743
g_n50_k4_37.edges,cbip,2,2.8093
g_n50_k4_37.edges,firstfit_luf,6,0.1698
g_n50_k4_38.edges,firstfit,8,0.1564
g_n50_k4_38.edges,cbip,4,2.1803
g_n50_k4_38.edges,firstfit_luf,6,0.1476
g_n50_k4_39.edges,firstfit,7,0.1562
g_n50_k4_39.edges,cbip,2,2.1358
g_n50_k4_39.edges,firstfit_luf,7,0.1447
g_n50_k4_4.edges,firstfit,6,0.2925
g_n50_k4_4.edges,cbip,2,2.2202
g_n50_k4_4.edges,firstfit_luf,7,0.1493
g_n50_k4_40.edges,firstfit,7,0.1554
g_n50_k4_40.edges,cbip,2,2.1298
g_n50_k4_40.edges,firstfit_luf,7,0.1471
g_n50_k4_41.edges,firstfit,8,0.1981
g_n50_k4_41.edges,cbip,4,2.208
g_n50_k4_41.edges,firstfit_luf,7,0.1462
g_n50_k4_42.edges,firstfit,8,0.2153
g_n50_k4_42.edges,cbip,2,2.1598
g_n50_k4_42.edges,firstfit_luf,6,0.1421
g_n50_k4_43.edges,firstfit,7,0.1717
g_n50_k4_43.edges,cbip,3,2.0204
g_n50_k4_43.edges,firstfit_luf,7,0.1445
g_n50_k4_44.edges,firstfit,6,0.1519
g_n50_k4_44.edges,cbip,3,2.0154
g_n50_k4_44.edges,firstfit_luf,7,0.1426
g_n50_k4_45.edges,firstfit,8,0.2003
g_n50_k4_45.edges,cbip,3,2.0721
g_n50_k4_45.edges,firstfit_luf,6,0.1469
g_n50_k4_46.edges,firstfit,8,0.1571
g_n50_k4_46.edges,cbip,2,2.4059
g_n50_k4_46.edges,firstfit_luf,7,0.1473
g_n50_k4_47.edges,firstfit,6,0.1543
g_n50_k4_47.edges,cbip,3,2.069
g_n50_k4_47.edges,firstfit_luf,5,0.1438
g_n50_k4_48.edges,firstfit,7,0.1533
g_n50_k4_48.edges,cbip,3,2.1131
g_n50_k4_48.edges,firstfit_luf,6,0.1431
g_n50_k4_49.edges,firstfit,8,0.1559
g_n50_k4_49.edges,cbip,3,2.7552
g_n50_k4_49.edges,firstfit_luf,7,0.1538
g_n50_k4_5.edges,firstfit,7,0.1531
g_n50_k4_5.edges,cbip,3,2.0034
g_n50_k4_5.edges,firstfit_luf,6,0.1407
g_n50_k4_6.edges,firstfit,7,0.149
g_n50_k4_6.edges,cbip,2,1.9221
g_n50_k4_6.edges,firstfit_luf,7,0.1411
g_n50_k4_7.edges,firstfit,7,0.1943
g_n50_k4_7.edges,cbip,2,2.2624
g_n50_k4_7.edges,firstfit_luf,7,0.1445
g_n50_k4_8.edges,firstfit,7,0.1569
g_n50_k4_8.edges,cbip,2,2.1636
g_n50_k4_8.edges,firstfit_luf,7,0.1469
g_n50_k4_9.edges,firstfit,8,0.3231
g_n50_k4_9.edges,cbip,3,3.2773
g_n50_k4_9.edges,firstfit_luf,7,0.2263
g_n800_k2_0.edges,firstfit,4,24.6193
g_n800_k2_0.edges,cbip,3,9075.3713
g_n800_k2_0.edges,firstfit_luf,4,22.5813
g_n800_k2_1.edges,firstfit,10,24.436
g_n800_k2_1.edges,cbip,3,9036.447
g_n800_k2_1.edges,firstfit_luf,2,22.8436
g_n800_k2_10.edges,firstfit,4,24.0514
g_n800_k2_10.edges,cbip,4,9282.3601
g_n800_k2_10.edges,firstfit_luf,2,22.9166
g_n800_k2_11.edges,firstfit,8,23.7715
g_n800_k2_11.edges,cbip,4,9015.4231
g_n800_k2_11.edges,firstfit_luf,2,22.9619
g_n800_k2_12.edges,firstfit,5,23.628
g_n800_k2_12.edges,cbip,4,9009.9881
g_n800_k2_12.edges,firstfit_luf,2,23.4106
g_n800_k2_13.edges,firstfit,2,24.4198
g_n800_k2_13.edges,cbip,3,9086.6506
g_n800_k2_13.edges,firstfit_luf,2,23.3238
g_n800_k2_14.edges,firstfit,8,23.9162
g_n800_k2_14.edges,cbip,4,9062.6767
g_n800_k2_14.edges,firstfit_luf,2,23.036
g_n800_k2_15.edges,firstfit,3,23.9098
g_n800_k2_15.edges,cbip,4,9071.2166
g_n800_k2_15.edges,firstfit_luf,2,23.4563
g_n800_k2_16.edges,firstfit,4,25.4595
g_n800_k2_16.edges,cbip,3,9228.0757
g_n800_k2_16.edges,firstfit_luf,3,24.009
g_n800_k2_17.edges,firstfit,6,24.7133
g_n800_k2_17.edges,cbip,4,9109.7717
g_n800_k2_17.edges,firstfit_luf,3,23.9112
g_n800_k2_18.edges,firstfit,5,24.3311
g_n800_k2_18.edges,cbip,3,9220.8278
g_n800_k2_18.edges,firstfit_luf,2,23.3104
g_n800_k2_19.edges,firstfit,2,24.8973
g_n800_k2_19.edges,cbip,3,9115.1011
g_n800_k2_19.edges,firstfit_luf,4,27.8213
g_n800_k2_2.edges,firstfit,3,24.9913
g_n800_k2_2.edges,cbip,2,9138.3381
g_n800_k2_2.edges,firstfit_luf,3,23.5071
g_n800_k2_20.edges,firstfit,10,25.0154
g_n800_k2_20.edges,cbip,3,9086.5495
g_n800_k2_20.edges,firstfit_luf,3,23.7365
g_n800_k2_21.edges,firstfit,6,25.5747
g_n800_k2_21.edges,cbip,3,9124.6965
g_n800_k2_21.edges,firstfit_luf,2,23.5763
g_n800_k2_22.edges,firstfit,10,24.1981
g_n800_k2_22.edges,cbip,4,9212.9347
g_n800_k2_22.edges,firstfit_luf,3,24.0951
g_n800_k2_23.edges,firstfit,8,23.7029
g_n800_k2_23.edges,cbip,4,9028.1713
g_n800_k2_23.edges,firstfit_luf,3,23.0949
g_n800_k2_24.edges,firstfit,6,24.2705
g_n800_k2_24.edges,cbip,4,9175.1695
g_n800_k2_24.edges,firstfit_luf,4,23.3464
g_n800_k2_25.edges,firstfit,7,24.0006
g_n800_k2_25.edges,cbip,2,10249.2044
g_n800_k2_25.edges,firstfit_luf,4,23.8891
g_n800_k2_26.edges,firstfit,2,23.037
g_n800_k2_26.edges,cbip,2,9418.5004
g_n800_k2_26.edges,firstfit_luf,3,24.2956
g_n800_k2_27.edges,firstfit,4,24.4906
g_n800_k2_27.edges,cbip,4,9139.9193
g_n800_k2_27.edges,firstfit_luf,3,23.4995
g_n800_k2_28.edges,firstfit,10,24.1687
g_n800_k2_28.edges,cbip,4,9562.3326
g_n800_k2_28.edges,firstfit_luf,11,22.7978
g_n800_k2_29.edges,firstfit,5,23.2055
g_n800_k2_29.edges,cbip,3,8742.1045
g_n800_k2_29.edges,firstfit_luf,5,22.0041
g_n800_k2_3.edges,firstfit,2,22.891
g_n800_k2_3.edges,cbip,4,10157.1293
g_n800_k2_3.edges,firstfit_luf,2,23.273
g_n800_k2_30.edges,firstfit,2,24.2016
g_n800_k2_30.edges,cbip,4,9360.065
g_n800_k2_30.edges,firstfit_luf,2,23.7904
g_n800_k2_31.edges,firstfit,4,24.3058
g_n800_k2_31.edges,cbip,4,9088.6152
g_n800_k2_31.edges,firstfit_luf,2,23.0682
g_n800_k2_32.edges,firstfit,3,24.0521
g_n800_k2_32.edges,cbip,4,8964.7012
g_n800_k2_32.edges,firstfit_luf,10,23.7386
g_n800_k2_33.edges,firstfit,8,24.1287
g_n800_k2_33.edges,cbip,4,9000.0
g_n800_k2_33.edges,firstfit_luf,2,22.9268
g_n800_k2_34.edges,firstfit,7,24.2507
g_n800_k2_34.edges,cbip,3,8894.2194
g_n800_k2_34.edges,firstfit_luf,4,22.9704
g_n800_k2_35.edges,firstfit,2,24.4186
g_n800_k2_35.edges,cbip,3,9429.5776
g_n800_k2_35.edges,firstfit_luf,3,23.2108
g_n800_k2_36.edges,firstfit,2,24.0114
g_n800_k2_36.edges,cbip,3,9123.961
g_n800_k2_36.edges,firstfit_luf,2,24.0016
g_n800_k2_37.edges,firstfit,5,24.2362
g_n800_k2_37.edges,cbip,2,9123.7433
g_n800_k2_37.edges,firstfit_luf,3,23.1807
g_n800_k2_38.edges,firstfit,10,24.1966
g_n800_k2_38.edges,cbip,3,9254.2148
g_n800_k2_38.edges,firstfit_luf,10,25.5182
g_n800_k2_39.edges,firstfit,4,24.8375
g_n800_k2_39.edges,cbip,3,9180.6972
g_n800_k2_39.edges,firstfit_luf,3,23.639
g_n800_k2_4.edges,firstfit,2,24.0333
g_n800_k2_4.edges,cbip,3,9235.8727
g_n800_k2_4.edges,firstfit_luf,4,24.004
g_n800_k2_40.edges,firstfit,3,23.824
g_n800_k2_40.edges,cbip,4,8968.3466
g_n800_k2_40.edges,firstfit_luf,2,23.8192
g_n800_k2_41.edges,firstfit,2,23.7904
g_n800_k2_41.edges,cbip,3,9148.8116
g_n800_k2_41.edges,firstfit_luf,5,23.3643
g_n800_k2_42.edges,firstfit,6,24.4644
g_n800_k2_42.edges,cbip,4,9247.2069
g_n800_k2_42.edges,firstfit_luf,10,23.792
g_n800_k2_43.edges,firstfit,9,24.3764
g_n800_k2_43.edges,cbip,3,8988.0488
g_n800_k2_43.edges,firstfit_luf,2,22.8667
g_n800_k2_44.edges,firstfit,4,24.2553
g_n800_k2_44.edges,cbip,3,9707.6654
g_n800_k2_44.edges,firstfit_luf,4,24.1826
g_n800_k2_45.edges,firstfit,3,24.7264
g_n800_k2_45.edges,cbip,4,9804.1914
g_n800_k2_45.edges,firstfit_luf,2,23.3717
g_n800_k2_46.edges,firstfit,6,24.451
g_n800_k2_46.edges,cbip,3,9635.7546
g_n800_k2_46.edges,firstfit_luf,2,23.9146
g_n800_k2_47.edges,firstfit,9,24.5538
g_n800_k2_47.edges,cbip,3,9010.9506
g_n800_k2_47.edges,firstfit_luf,3,23.103
g_n800_k2_48.edges,firstfit,3,23.3755
g_n800_k2_48.edges,cbip,3,9175.4735
g_n800_k2_48.edges,firstfit_luf,4,23.16
g_n800_k2_49.edges,firstfit,12,24.6079
g_n800_k2_49.edges,cbip,3,9988.4458
g_n800_k2_49.edges,firstfit_luf,5,23.1214
g_n800_k2_5.edges,firstfit,4,26.9003
g_n800_k2_5.edges,cbip,2,9161.8204
g_n800_k2_5.edges,firstfit_luf,2,23.9043
g_n800_k2_6.edges,firstfit,4,23.4785
g_n800_k2_6.edges,cbip,4,9002.4176
g_n800_k2_6.edges,firstfit_luf,2,23.2158
g_n800_k2_7.edges,firstfit,3,23.4232
g_n800_k2_7.edges,cbip,3,9517.4053
g_n800_k2_7.edges,firstfit_luf,3,23.1864
g_n800_k2_8.edges,firstfit,2,22.9571
g_n800_k2_8.edges,cbip,4,9107.2772
g_n800_k2_8.edges,firstfit_luf,3,23.0916
g_n800_k2_9.edges,firstfit,2,24.0576
g_n800_k2_9.edges,cbip,4,9758.9386
g_n800_k2_9.edges,firstfit_luf,6,23.3655
g_n800_k3_0.edges,firstfit,10,27.7333
g_n800_k3_0.edges,cbip,2,6165.2114
g_n800_k3_0.edges,firstfit_luf,6,27.8542
g_n800_k3_1.edges,firstfit,18,27.1306
g_n800_k3_1.edges,cbip,2,6000.4539
g_n800_k3_1.edges,firstfit_luf,14,28.6229
g_n800_k3_10.edges,firstfit,24,28.656
g_n800_k3_10.edges,cbip,3,6138.0644
g_n800_k3_10.edges,firstfit_luf,12,29.2287
g_n800_k3_11.edges,firstfit,21,27.7472
g_n800_k3_11.edges,cbip,2,6208.8113
g_n800_k3_11.edges,firstfit_luf,8,28.0254
g_n800_k3_12.edges,firstfit,8,27.8709
g_n800_k3_12.edges,cbip,4,6093.0443
g_n800_k3_12.edges,firstfit_luf,12,27.5238
g_n800_k3_13.edges,firstfit,12,28.2919
g_n800_k3_13.edges,cbip,2,6046.2248
g_n800_k3_13.edges,firstfit_luf,12,28.1384
g_n800_k3_14.edges,firstfit,7,27.6198
g_n800_k3_14.edges,cbip,4,6447.3863
g_n800_k3_14.edges,firstfit_luf,4,28.2505
g_n800_k3_15.edges,firstfit,9,28.3589
g_n800_k3_15.edges,cbip,2,6143.353
g_n800_k3_15.edges,firstfit_luf,18,26.1822
g_n800_k3_16.edges,firstfit,20,28.1646
g_n800_k3_16.edges,cbip,2,6189.7831
g_n800_k3_16.edges,firstfit_luf,12,28.63
g_n800_k3_17.edges,firstfit,22,28.2736
g_n800_k3_17.edges,cbip,2,5913.5559
g_n800_k3_17.edges,firstfit_luf,17,27.9291
g_n800_k3_18.edges,firstfit,8,28.2536
g_n800_k3_18.edges,cbip,3,6128.0298
g_n800_k3_18.edges,firstfit_luf,21,28.1875
g_n800_k3_19.edges,firstfit,24,28.5542
g_n800_k3_19.edges,cbip,2,6056.1132
g_n800_k3_19.edges,firstfit_luf,10,27.7722
g_n800_k3_2.edges,firstfit,12,27.9839
g_n800_k3_2.edges,cbip,2,6361.4998
g_n800_k3_2.edges,firstfit_luf,7,27.4117
g_n800_k3_20.edges,firstfit,19,27.5254
g_n800_k3_20.edges,cbip,2,6159.121
g_n800_k3_20.edges,firstfit_luf,27,30.2482
g_n800_k3_21.edges,firstfit,24,29.0236
g_n800_k3_21.edges,cbip,2,6149.2507
g_n800_k3_21.edges,firstfit_luf,11,28.1761
g_n800_k3_22.edges,firstfit,11,28.2917
g_n800_k3_22.edges,cbip,2,5944.7908
g_n800_k3_22.edges,firstfit_luf,6,27.8459
g_n800_k3_23.edges,firstfit,7,28.7464
g_n800_k3_23.edges,cbip,2,5968.4939
g_n800_k3_23.edges,firstfit_luf,7,28.1036
g_n800_k3_24.edges,firstfit,20,27.7543
g_n800_k3_24.edges,cbip,4,6136.7037
g_n800_k3_24.edges,firstfit_luf,5,27.4289
g_n800_k3_25.edges,firstfit,13,27.8637
g_n800_k3_25.edges,cbip,2,6142.4439
g_n800_k3_25.edges,firstfit_luf,7,27.4792
g_n800_k3_26.edges,firstfit,25,27.6191
g_n800_k3_26.edges,cbip,2,5941.0791
g_n800_k3_26.edges,firstfit_luf,9,27.5829
g_n800_k3_27.edges,firstfit,12,28.2555
g_n800_k3_27.edges,cbip,2,6015.7008
g_n800_k3_27.edges,firstfit_luf,6,27.0216
g_n800_k3_28.edges,firstfit,6,28.2834
g_n800_k3_28.edges,cbip,3,6211.1692
g_n800_k3_28.edges,firstfit_luf,6,29.7928
g_n800_k3_29.edges,firstfit,15,26.9566
g_n800_k3_29.edges,cbip,2,6143.9197
g_n800_k3_29.edges,firstfit_luf,6,27.5254
g_n800_k3_3.edges,firstfit,25,28.3313
g_n800_k3_3.edges,cbip,3,6009.325
g_n800_k3_3.edges,firstfit_luf,6,27.1077
g_n800_k3_30.edges,firstfit,24,27.8687
g_n800_k3_30.edges,cbip,2,6074.2011
g_n800_k3_30.edges,firstfit_luf,4,27.7057
g_n800_k3_31.edges,firstfit,4,26.7217
g_n800_k3_31.edges,cbip,2,5934.586
g_n800_k3_31.edges,firstfit_luf,20,27.5931
g_n800_k3_32.edges,firstfit,6,27.854
g_n800_k3_32.edges,cbip,3,6055.6598
g_n800_k3_32.edges,firstfit_luf,5,27.627
g_n800_k3_33.edges,firstfit,14,28.3782
g_n800_k3_33.edges,cbip,3,6223.9459
g_n800_k3_33.edges,firstfit_luf,9,28.1174
g_n800_k3_34.edges,firstfit,21,30.8323
g_n800_k3_34.edges,cbip,2,6150.497
g_n800_k3_34.edges,firstfit_luf,4,27.9877
g_n800_k3_35.edges,firstfit,8,27.6923
g_n800_k3_35.edges,cbip,2,6154.578
g_n800_k3_35.edges,firstfit_luf,5,26.7992
g_n800_k3_36.edges,firstfit,24,29.6113
g_n800_k3_36.edges,cbip,3,6069.9317
g_n800_k3_36.edges,firstfit_luf,20,28.1751
g_n800_k3_37.edges,firstfit,17,28.2547
g_n800_k3_37.edges,cbip,3,6035.0287
g_n800_k3_37.edges,firstfit_luf,4,27.3156
g_n800_k3_38.edges,firstfit,19,30.3364
g_n800_k3_38.edges,cbip,2,5976.7563
g_n800_k3_38.edges,firstfit_luf,3,27.7824
g_n800_k3_39.edges,firstfit,22,29.1717
g_n800_k3_39.edges,cbip,3,6097.2359
g_n800_k3_39.edges,firstfit_luf,12,27.2892
g_n800_k3_4.edges,firstfit,7,28.3313
g_n800_k3_4.edges,cbip,3,6002.6362
g_n800_k3_4.edges,firstfit_luf,7,27.2391
g_n800_k3_40.edges,firstfit,21,27.8521
g_n800_k3_40.edges,cbip,2,5992.1005
g_n800_k3_40.edges,firstfit_luf,16,28.1274
g_n800_k3_41.edges,firstfit,11,28.7068
g_n800_k3_41.edges,cbip,2,5918.6347
g_n800_k3_41.edges,firstfit_luf,13,27.6799
g_n800_k3_42.edges,firstfit,6,28.2125
g_n800_k3_42.edges,cbip,3,6304.482
g_n800_k3_42.edges,firstfit_luf,5,28.2793
g_n800_k3_43.edges,firstfit,12,28.6705
g_n800_k3_43.edges,cbip,2,6080.8752
g_n800_k3_43.edges,firstfit_luf,10,27.0009
g_n800_k3_44.edges,firstfit,16,28.3618
g_n800_k3_44.edges,cbip,4,6041.095
g_n800_k3_44.edges,firstfit_luf,4,27.8733
g_n800_k3_45.edges,firstfit,19,30.0748
g_n800_k3_45.edges,cbip,2,6036.5777
g_n800_k3_45.edges,firstfit_luf,5,28.1038
g_n800_k3_46.edges,firstfit,24,28.6989
g_n800_k3_46.edges,cbip,3,6195.5152
g_n800_k3_46.edges,firstfit_luf,19,27.6647
g_n800_k3_47.edges,firstfit,21,28.2094
g_n800_k3_47.edges,cbip,2,5951.2925
g_n800_k3_47.edges,firstfit_luf,4,27.6711
g_n800_k3_48.edges,firstfit,22,28.796
g_n800_k3_48.edges,cbip,2,6095.5195
g_n800_k3_48.edges,firstfit_luf,7,27.8556
g_n800_k3_49.edges,firstfit,22,28.5482
g_n800_k3_49.edges,cbip,3,6291.5447
g_n800_k3_49.edges,firstfit_luf,10,28.1928
g_n800_k3_5.edges,firstfit,15,30.1242
g_n800_k3_5.edges,cbip,3,6083.1082
g_n800_k3_5.edges,firstfit_luf,15,27.9846
g_n800_k3_6.edges,firstfit,20,28.3775
g_n800_k3_6.edges,cbip,4,5970.1788
g_n800_k3_6.edges,firstfit_luf,10,27.2841
g_n800_k3_7.edges,firstfit,19,28.2769
g_n800_k3_7.edges,cbip,2,6049.1531
g_n800_k3_7.edges,firstfit_luf,7,26.7882
g_n800_k3_8.edges,firstfit,12,28.547
g_n800_k3_8.edges,cbip,4,5999.0644
g_n800_k3_8.edges,firstfit_luf,11,28.6362
g_n800_k3_9.edges,firstfit,22,28.5027
g_n800_k3_9.edges,cbip,2,5970.9611
g_n800_k3_9.edges,firstfit_luf,7,27.6623
g_n800_k4_0.edges,firstfit,27,30.7512
g_n800_k4_0.edges,cbip,2,6645.4499
g_n800_k4_0.edges,firstfit_luf,15,29.0782
g_n800_k4_1.edges,firstfit,29,31.1136
g_n800_k4_1.edges,cbip,2,6756.0668
g_n800_k4_1.edges,firstfit_luf,16,30.097
g_n800_k4_10.edges,firstfit,26,29.9549
g_n800_k4_10.edges,cbip,3,6793.1261
g_n800_k4_10.edges,firstfit_luf,29,30.4546
g_n800_k4_11.edges,firstfit,23,31.4844
g_n800_k4_11.edges,cbip,2,6730.4089
g_n800_k4_11.edges,firstfit_luf,28,30.1983
g_n800_k4_12.edges,firstfit,18,30.7527
g_n800_k4_12.edges,cbip,3,6833.2257
g_n800_k4_12.edges,firstfit_luf,22,31.0066
g_n800_k4_13.edges,firstfit,31,34.0633
g_n800_k4_13.edges,cbip,2,6904.7072
g_n800_k4_13.edges,firstfit_luf,21,30.2391
g_n800_k4_14.edges,firstfit,31,31.7147
g_n800_k4_14.edges,cbip,2,6808.6336
g_n800_k4_14.edges,firstfit_luf,9,29.2213
g_n800_k4_15.edges,firstfit,32,30.6058
g_n800_k4_15.edges,cbip,3,6977.6082
g_n800_k4_15.edges,firstfit_luf,26,30.7109
g_n800_k4_16.edges,firstfit,26,30.3566
g_n800_k4_16.edges,cbip,3,6841.5678
g_n800_k4_16.edges,firstfit_luf,16,29.9053
g_n800_k4_17.edges,firstfit,33,30.5114
g_n800_k4_17.edges,cbip,3,6729.1803
g_n800_k4_17.edges,firstfit_luf,15,30.3595
g_n800_k4_18.edges,firstfit,36,33.7307
g_n800_k4_18.edges,cbip,2,6726.0079
g_n800_k4_18.edges,firstfit_luf,20,29.9895
g_n800_k4_19.edges,firstfit,39,31.1272
g_n800_k4_19.edges,cbip,3,6846.8072
g_n800_k4_19.edges,firstfit_luf,31,29.7697
g_n800_k4_2.edges,firstfit,24,30.0465
g_n800_k4_2.edges,cbip,3,6746.592
g_n800_k4_2.edges,firstfit_luf,19,29.9554
g_n800_k4_20.edges,firstfit,28,30.1132
g_n800_k4_20.edges,cbip,3,6783.9439
g_n800_k4_20.edges,firstfit_luf,28,29.4328
g_n800_k4_21.edges,firstfit,25,30.6652
g_n800_k4_21.edges,cbip,2,6697.8123
g_n800_k4_21.edges,firstfit_luf,30,30.4236
g_n800_k4_22.edges,firstfit,22,30.8969
g_n800_k4_22.edges,cbip,3,6819.7069
g_n800_k4_22.edges,firstfit_luf,23,29.7217
g_n800_k4_23.edges,firstfit,7,30.5777
g_n800_k4_23.edges,cbip,2,6665.3249
g_n800_k4_23.edges,firstfit_luf,14,30.1132
g_n800_k4_24.edges,firstfit,36,32.3465
g_n800_k4_24.edges,cbip,2,6803.9408
g_n800_k4_24.edges,firstfit_luf,28,29.3446
g_n800_k4_25.edges,firstfit,16,30.4873
g_n800_k4_25.edges,cbip,3,6855.1321
g_n800_k4_25.edges,firstfit_luf,30,29.3534
g_n800_k4_26.edges,firstfit,39,30.9491
g_n800_k4_26.edges,cbip,4,6692.1432
g_n800_k4_26.edges,firstfit_luf,22,30.8027
g_n800_k4_27.edges,firstfit,31,30.8406
g_n800_k4_27.edges,cbip,3,7145.4771
g_n800_k4_27.edges,firstfit_luf,21,30.6089
g_n800_k4_28.edges,firstfit,39,30.3977
g_n800_k4_28.edges,cbip,2,6788.8222
g_n800_k4_28.edges,firstfit_luf,9,29.5835
g_n800_k4_29.edges,firstfit,31,30.9999
g_n800_k4_29.edges,cbip,2,6782.6676
g_n800_k4_29.edges,firstfit_luf,28,32.8431
g_n800_k4_3.edges,firstfit,34,32.2917
g_n800_k4_3.edges,cbip,2,6738.1661
g_n800_k4_3.edges,firstfit_luf,33,30.5753
g_n800_k4_30.edges,firstfit,31,30.3319
g_n800_k4_30.edges,cbip,2,6911.7544
g_n800_k4_30.edges,firstfit_luf,25,30.0682
g_n800_k4_31.edges,firstfit,26,30.3378
g_n800_k4_31.edges,cbip,2,6700.7198
g_n800_k4_31.edges,firstfit_luf,33,30.1459
g_n800_k4_32.edges,firstfit,39,30.6921
g_n800_k4_32.edges,cbip,3,6650.4653
g_n800_k4_32.edges,firstfit_luf,21,29.7387
g_n800_k4_33.edges,firstfit,32,31.7526
g_n800_k4_33.edges,cbip,2,6783.2081
g_n800_k4_33.edges,firstfit_luf,5,29.798
g_n800_k4_34.edges,firstfit,15,29.6736
g_n800_k4_34.edges,cbip,3,6704.9544
g_n800_k4_34.edges,firstfit_luf,12,29.4254
g_n800_k4_35.edges,firstfit,18,31.1668
g_n800_k4_35.edges,cbip,2,6738.9796
g_n800_k4_35.edges,firstfit_luf,29,30.4952
g_n800_k4_36.edges,firstfit,28,31.2121
g_n800_k4_36.edges,cbip,3,6845.1638
g_n800_k4_36.edges,firstfit_luf,15,30.5355
g_n800_k4_37.edges,firstfit,21,33.107
g_n800_k4_37.edges,cbip,2,6955.9715
g_n800_k4_37.edges,firstfit_luf,34,30.7229
g_n800_k4_38.edges,firstfit,40,30.9672
g_n800_k4_38.edges,cbip,3,6786.6151
g_n800_k4_38.edges,firstfit_luf,29,29.8867
g_n800_k4_39.edges,firstfit,34,30.0217
g_n800_k4_39.edges,cbip,2,6795.3353
g_n800_k4_39.edges,firstfit_luf,27,30.7367
g_n800_k4_4.edges,firstfit,19,29.7952
g_n800_k4_4.edges,cbip,2,6746.7022
g_n800_k4_4.edges,firstfit_luf,29,30.0851
g_n800_k4_40.edges,firstfit,33,31.297
g_n800_k4_40.edges,cbip,3,7165.0834
g_n800_k4_40.edges,firstfit_luf,23,29.8963
g_n800_k4_41.edges,firstfit,32,30.8766
g_n800_k4_41.edges,cbip,3,6697.5093
g_n800_k4_41.edges,firstfit_luf,19,29.5324
g_n800_k4_42.edges,firstfit,27,30.6261
g_n800_k4_42.edges,cbip,2,6599.504
g_n800_k4_42.edges,firstfit_luf,10,29.8264
g_n800_k4_43.edges,firstfit,31,34.44
g_n800_k4_43.edges,cbip,3,6768.0459
g_n800_k4_43.edges,firstfit_luf,25,28.2621
g_n800_k4_44.edges,firstfit,34,30.2076
g_n800_k4_44.edges,cbip,3,6859.7462
g_n800_k4_44.edges,firstfit_luf,23,30.0825
g_n800_k4_45.edges,firstfit,24,31.7369
g_n800_k4_45.edges,cbip,2,6777.066
g_n800_k4_45.edges,firstfit_luf,26,30.4303
g_n800_k4_46.edges,firstfit,34,31.0371
g_n800_k4_46.edges,cbip,3,6646.0907
g_n800_k4_46.edges,firstfit_luf,16,29.7909
g_n800_k4_47.edges,firstfit,29,30.8421
g_n800_k4_47.edges,cbip,2,6865.2351
g_n800_k4_47.edges,firstfit_luf,30,30.5147
g_n800_k4_48.edges,firstfit,29,30.5185
g_n800_k4_48.edges,cbip,4,6764.0109
g_n800_k4_48.edges,firstfit_luf,25,30.0949
g_n800_k4_49.edges,firstfit,17,30.7558
g_n800_k4_49.edges,cbip,3,6914.4266
g_n800_k4_49.edges,firstfit_luf,31,29.9964
g_n800_k4_5.edges,firstfit,34,30.8626
g_n800_k4_5.edges,cbip,2,7049.8555
g_n800_k4_5.edges,firstfit_luf,29,31.0416
g_n800_k4_6.edges,firstfit,33,30.4461
g_n800_k4_6.edges,cbip,2,6726.5785
g_n800_k4_6.edges,firstfit_luf,28,29.619
g_n800_k4_7.edges,firstfit,30,30.4935
g_n800_k4_7.edges,cbip,3,6762.6569
g_n800_k4_7.edges,firstfit_luf,14,30.5362
g_n800_k4_8.edges,firstfit,28,30.9334
g_n800_k4_8.edges,cbip,2,6759.7508
g_n800_k4_8.edges,firstfit_luf,31,30.4127
g_n800_k4_9.edges,firstfit,23,30.6363
g_n800_k4_9.edges,cbip,2,7429.0948
g_n800_k4_9.edges,firstfit_luf,11,30.1886
